id,partid,start,end,duration,bonus,imcgrips,imcrl,done,session,qual_focused,cond_dist,task_order,current_task,device,imc
1,p0bsq4m18n,1579098545,1579099413,868,4.45,correct,correct,1,53vrm8t9q9rbj2dic5cf117o95,100,normal_high,order_3,10,desktop,2
2,pqh0a40b2a,1579099194,1579099861,667,5.86,correct,correct,1,4vfa9frffq84fgmkggfq4578k0,96,normal_low,order_4,10,laptop,2
3,pn0skapa6g,1579102339,1579103353,1014,5.73,correct,correct,1,5ksgqbh6prgrdpk5n9odnsvs90,100,normal_low,order_4,10,desktop,2
4,pvhskq4s3u,1579102316,1579103325,1009,4.82,correct,correct,1,16pc8c7pgk64k778o3pog112s1,100,normal_moderate,order_3,10,desktop,2
5,p497cn32q0,1579102356,1579103576,1220,4.26,correct,correct,1,b0pff4r4fk0j3j9kpm6b6ll244,100,normal_high,order_1,10,desktop,2
6,p0b51o7qmr,1579102420,1579103558,1138,4.02,correct,correct,1,lq7251lq9fcidl0vd6t8evpqh4,100,uniform,order_1,10,laptop,2
7,pqk04quhs0,1579102429,1579103361,932,5.74,correct,correct,1,fvbqpircj9jq9r64bif767hbr3,93,normal_low,order_6,10,desktop,2
8,ptqtu2doa0,1579102552,1579103165,613,3,correct,correct,1,n7sh3pg4kqpne11nv11j9frkf6,98,uniform,order_2,10,laptop,2
9,p71s990p72,1579102396,1579103428,1032,3.91,correct,correct,1,1a7ubsm907klmn1buqhojt0mj2,100,normal_high,order_3,10,desktop,2
10,p6dmjfib30,1579102860,1579103981,1121,5.82,correct,correct,1,6sgovhek5asjemsn9kia2ord41,100,normal_low,order_6,10,desktop,2
11,p6c2cvue6n,1579103227,1579103914,687,3.98,correct,correct,1,218d2h6979otspkdi8nmrf73e3,100,normal_high,order_1,10,desktop,2
12,p01na4rhdm,1579103489,1579104272,783,3.93,correct,correct,1,jmfuna7vr1nooohg4nk1o8qub4,99,uniform,order_2,10,desktop,2
13,pig2n9d3rp,1579102348,1579105157,2809,3.6,correct,correct,1,cjiqs3nscooe5t6vtcjnmuuhh1,97,normal_moderate,order_2,10,laptop,2
14,pul13keuls,1579102998,1579104914,1916,4.49,correct,correct,1,6nm4o4re82tg89atdnsnpntfc7,95,normal_moderate,order_5,10,desktop,2
15,p541quhi8d,1579103925,1579104830,905,5.14,correct,correct,1,90kbgdqhg8tj5929cvrpgj0dd3,96,normal_high,order_1,10,desktop,2
16,pa706ano51,1579103928,1579104657,729,4.13,correct,correct,1,27rqnq3qghbvusrpcbqqrbbe83,100,normal_high,order_4,10,desktop,2
17,p1plt7p642,1579103971,1579104813,842,4.52,correct,correct,1,ii9163ur9nvqlumgptdbsgldf4,84,normal_high,order_3,10,laptop,2
18,pf5a8b7j9h,1579104095,1579104795,700,2.25,correct,correct,1,3af0mjdtg0ovumutt428oa28e4,93,uniform,order_2,10,laptop,2
19,poo90upiv7,1579104528,1579106245,1717,3.94,correct,correct,1,4q5tdv1d2vf1kkj2hiuuq17oc5,100,normal_high,order_3,10,desktop,2
20,pru2esdmf3,1579104580,1579105892,1312,5.38,correct,correct,1,ecdjg4pssiu5m0qa7fbm45med4,100,normal_low,order_2,10,desktop,2
21,p513q9b31f,1579105191,1579106112,921,4.05,correct,correct,1,0fh3bqscask5rimliof3ml4do4,99,normal_moderate,order_3,10,desktop,2
22,pd5dmjd9lj,1579106148,NA,NA,NA,correct,correct,NA,bsmbamm5iev08gc4pvc6l6c611,NA,normal_high,order_4,8,NA,NA
23,pbjofj6u5d,1579106505,1579107424,919,4.6,correct,correct,1,9ouu7lkmrvu04fpl4vl9t2io34,91,normal_moderate,order_3,10,laptop,2
24,p9clda2tqo,1579104759,1579108205,3446,3.63,correct,correct,1,p0atknt8gg99hoepdtvi55anq2,80,normal_moderate,order_6,10,laptop,2
25,p6vgj8j47e,1579106516,1579108098,1582,4.32,correct,correct,1,85aihsi3cenuimvdcifujdp6j4,100,normal_high,order_3,10,laptop,2
26,pe65t0jkjp,1579106906,1579108020,1114,5.05,correct,correct,1,2ajbq5fc7bt116emh3dgupegc6,100,normal_low,order_5,10,laptop,2
27,pro129vh92,1579107328,1579108159,831,5.09,correct,correct,1,8n5ifkvu1b31j2ajsn4uh7h9o6,100,normal_moderate,order_1,10,laptop,2
28,p8lu8afsvd,1579102665,1579108110,5445,5.27,correct,correct,1,5m9pr90ejtcchu9gjbphl0oso0,87,normal_high,order_5,10,desktop,2
29,pjpjok0rgp,1579107639,1579108929,1290,4.78,correct,correct,1,l6s8fu1kbgrpkjdv8ir3ssipg3,91,normal_low,order_3,10,mobile,2
30,p6te8k4lv3,1579108142,1579108856,714,5.02,correct,correct,1,ap1kkfus1eada8o9o7pasbck53,100,normal_moderate,order_3,10,desktop,2
31,p44mlpcodf,1579108300,1579109400,1100,6.75,correct,correct,1,ro62u9lo1b5vcc10icqluia440,100,normal_low,order_2,10,desktop,2
32,p98sr2rm1c,1579111194,1579111845,651,3,correct,correct,1,dh30h0704e65c0bhhmdemn3g97,100,uniform,order_4,10,desktop,2
33,potdg4sq11,1579112809,1579113945,1136,6,correct,correct,1,p1vc4r0kbt4b2n6paiulpov875,100,normal_low,order_4,10,desktop,2
34,p5bromsu8c,1579114255,1579115069,814,3.64,correct,correct,1,d52tdrrn11cf7b6fichn4fia12,87,uniform,order_5,10,desktop,2
35,pkde4f0mf8,1579114400,1579115333,933,4.34,correct,correct,1,jgi4k1u4tk0ijked6bbrer5s72,98,normal_high,order_6,10,desktop,2
36,p9ehuu7pm3,1579116015,1579116694,679,4.21,correct,correct,1,78buc3045etvivne1gb7abh287,91,normal_high,order_5,10,desktop,2
37,pld7i21cc4,1579120001,1579120691,690,2.43,correct,correct,1,2u0ceate8mdvi3k5b29uhbemq2,100,uniform,order_3,10,laptop,2
38,pjo7jhtop6,1579120010,1579120625,615,2.41,correct,correct,1,85ke3sqmlc0vc4lgghdshu9sb3,100,uniform,order_6,10,desktop,2
39,pvqatr99fs,1579120175,1579121233,1058,4.96,correct,correct,1,tp5d8lgm3dqaibm4ven8rbq2e7,100,normal_moderate,order_5,10,laptop,2
40,pmburr2gfa,1579120656,1579121757,1101,3.86,correct,correct,1,jedeevh96bdhbg1qvu67821gq7,100,uniform,order_1,10,laptop,2
41,p6t53uthdf,1579121961,1579122895,934,2.6,correct,correct,1,v6hut6fhsbi9ber531a400ebv7,100,uniform,order_2,10,laptop,2
42,pq6o312jin,1579122228,1579123172,944,6.12,correct,correct,1,n55mvh22ijdh00hk7eebalov04,100,normal_low,order_2,10,desktop,2
43,phht84hjos,1579123071,1579123709,638,3.35,correct,correct,1,jec2q9on9vdg9djvehpi5em1q1,100,uniform,order_4,10,desktop,2
44,povvpii4dt,1579123082,1579123972,890,4.57,correct,correct,1,2jklei10552i3racnk8csn8363,100,normal_moderate,order_2,10,laptop,2
45,pv9ctacbi5,1579123108,1579124128,1020,5,correct,correct,1,i98ghansnphg8iuijvmflltng0,100,normal_high,order_5,10,desktop,2
46,p6me4o7rkg,1579123127,1579124337,1210,2.9,correct,correct,1,ejmdf5shcbq95dr38r8elluki7,100,uniform,order_2,10,desktop,2
47,pij32af8h3,1579123198,1579123998,800,3.6,correct,correct,1,ohedu4fttdbkevmnvkg71ikva4,92,uniform,order_4,10,laptop,2
48,pchqm0ghk5,1579123019,1579124018,999,3.87,correct,correct,1,pi809p41fcp0u1hrhhkovfps02,100,uniform,order_2,10,desktop,2
49,phverm18oo,1579123058,1579123976,918,4.25,correct,correct,1,3htstuae4q0iqsfpvm2i6grgm3,100,normal_moderate,order_2,10,desktop,2
50,p3hikhm3tk,1579123333,1579124557,1224,5.03,correct,correct,1,olni7mjh13vmhii3qp1l8smli5,100,normal_high,order_6,10,laptop,2
51,po4sspvsrm,1579123107,1579124954,1847,4.2,correct,correct,1,rn7ua6ngivelv93lat29oml1s6,100,normal_moderate,order_3,10,laptop,2
52,p7017dro0l,1579123467,1579124253,786,4.99,correct,correct,1,d30jodkgm296r8i5sl84uppr95,97,normal_high,order_4,10,laptop,2
53,pd06im8fjg,1579123630,1579124387,757,4.29,correct,correct,1,ke42gdu2t3ire18dqdeir74qb6,100,uniform,order_1,10,desktop,2
54,pu8cl6ikfo,1579123730,1579124646,916,3.84,correct,correct,1,kc80kg8crll757ekjd8pu08rh3,100,normal_high,order_1,10,laptop,2
55,plvpclq88q,1579123831,1579124704,873,4,correct,correct,1,36uba6ofgbtq1c78c3r6skupm7,78,normal_moderate,order_2,10,laptop,2
56,p73l4009vr,1579124547,1579125497,950,5.41,correct,correct,1,8v8c1b7psqv92qvd98g8amvcp0,98,normal_high,order_2,10,laptop,2
57,pr5maep7rv,1579124569,1579125346,777,4.34,correct,correct,1,i9q9j5s31ubuo0s9n3utqi1bu6,90,normal_moderate,order_5,10,desktop,2
58,phpk7odsfu,1579124609,1579125593,984,5.95,correct,correct,1,3mmin3ua23mb9vsinrrbok54t1,100,normal_low,order_4,10,desktop,2
59,pvd1fom18l,1579124648,1579126744,2096,4.92,correct,correct,1,rhiiaaqcfm7avcrh2rioejc2s5,83,normal_high,order_3,10,laptop,2
60,p8378jjl8i,1579125258,1579127047,1789,4.09,correct,correct,1,53pe9npjoqjgo9apan1e64eqa3,100,normal_high,order_3,10,desktop,2
61,plua2fs49l,1579125511,1579126896,1385,4.25,correct,correct,1,nec75pvh34qjtlgbj3ubniitd6,100,normal_high,order_3,10,laptop,2
62,pse0nm7hu9,1579125552,1579127893,2341,4,correct,correct,1,kl5q9abdctsqr4jcn5injbe9q2,82,normal_moderate,order_2,10,desktop,2
63,p9ppntj1q9,1579125652,1579126448,796,6.14,correct,correct,1,92b3ddf3gupm82n5ein2sn2ll5,86,normal_low,order_3,10,desktop,2
64,pqa0rdrj4o,1579125666,1579127165,1499,4.52,correct,correct,1,hh0uslodtduf7v30nga0btju31,100,normal_high,order_1,10,desktop,2
65,p1un37nagi,1579125672,1579126368,696,6.31,correct,correct,1,veio242comq86pg0h5c9i83ha6,100,normal_low,order_5,10,laptop,2
66,p2lgn1v5oh,1579125702,1579126536,834,4.69,correct,correct,1,5bip6ur66pb2s9qmff3ipa4qq4,98,normal_moderate,order_1,10,desktop,2
67,pi9dg6b7gi,1579125741,1579126951,1210,3.92,correct,correct,1,hpjaml8gnf2adbb97rnpn3uuj3,100,normal_high,order_4,10,laptop,2
68,prtu7f1ehg,1579125741,1579126477,736,4.36,correct,correct,1,stkd4k4chb4k6vqtgadt3fi4j3,100,normal_moderate,order_4,10,desktop,2
69,ploioja4c4,1579125725,1579126559,834,5.05,correct,correct,1,tgc1tsmg0sv9dq7k7bqhovnlq2,100,normal_low,order_5,10,desktop,2
70,p9pttnb8qi,1579125758,NA,NA,NA,NA,NA,NA,8lfjmrnip41odt7bih18jhrrm3,NA,normal_high,order_2,1,NA,NA
71,p3h8qvps9e,1579125762,1579126406,644,4.64,correct,correct,1,m0c71qj137nnrn83m38mhkjm36,100,normal_high,order_2,10,laptop,2
72,pm29tidlg8,1579125696,1579126912,1216,5.09,correct,correct,1,n3p2e79dsfiqmpt5n1p3rrsgm4,91,normal_low,order_1,10,laptop,2
73,p6gd12kat1,1579125784,1579126492,708,5.59,correct,correct,1,30ohasop4r9bclngglcd2oa5i2,100,normal_low,order_4,10,desktop,2
74,p2sjgcedoi,1579125802,1579126655,853,5.1,correct,correct,1,10q22s4hbs79do68d56ct7n144,100,normal_moderate,order_3,10,desktop,2
75,pmatinv1as,1579125816,1579126942,1126,5.16,correct,correct,1,4p8srbdvj9cqk881rg1tuid7t7,100,normal_low,order_2,10,laptop,2
76,pubb288r77,1579125977,1579127385,1408,6.13,correct,correct,1,c1mk2j0dm5slta05hasdrs24f4,100,normal_low,order_3,10,desktop,2
77,pfhss5lfev,1579125975,1579126976,1001,4.27,correct,correct,1,cuit9kajpn9ofa89ril7bmlsg5,100,normal_high,order_6,10,laptop,2
78,pc1kcoubum,1579126028,NA,NA,NA,NA,NA,NA,eef2uqc08r0l3l0ta9d6hccp03,NA,normal_moderate,order_3,1,NA,NA
79,p3amd29mc0,1579126097,1579127068,971,4.55,correct,correct,1,3n2o71fa97r64g3ru1n86s8df3,100,normal_high,order_1,10,laptop,2
80,p3lf90su4e,1579126180,1579127037,857,6.31,correct,correct,1,i8kvsrcsc53vut9uc503l00bo7,96,normal_low,order_5,10,laptop,2
81,p7n5pmr96k,1579126316,1579127172,856,3.67,correct,correct,1,pmj6rtqcvuae183sgacap9qha2,100,uniform,order_5,10,desktop,2
82,pmed09f63i,1579126349,1579127220,871,6.08,correct,correct,1,5j3gi4lv8kp3kcc68lgb0kd9g5,100,normal_low,order_1,10,desktop,2
83,p7mh5omcb7,1579126510,1579128724,2214,4.22,correct,correct,1,ha4d4qm7ds478c0uvvptg1jum4,100,normal_moderate,order_5,10,laptop,2
84,p0k93tfsv4,1579126570,1579127472,902,6.35,correct,correct,1,mfcqkggee0i89f4cdqoffl5pr4,100,normal_low,order_6,10,desktop,2
85,plrbt4dudu,1579126541,1579127647,1106,5,correct,correct,1,9liai8rlk7ejt230bp29hka804,94,normal_moderate,order_4,10,desktop,2
86,pu9bj004m0,1579126760,1579128253,1493,2,correct,correct,1,2ag8kp71jts9ot58r6s7vugrb2,96,normal_high,order_4,10,laptop,2
87,pcpvuare1q,1579126824,1579128311,1487,4.98,correct,correct,1,1esn365jhf6gd442p0fn6a8ok2,100,uniform,order_3,10,laptop,2
88,pbcgofmj9q,1579127299,1579128144,845,4.85,correct,correct,1,b0vjdadtvsbg59tvk6c9ja9nj5,100,normal_high,order_6,10,desktop,2
89,pjfq0p7baa,1579127320,1579128021,701,4.27,correct,correct,1,fmmrejrktu3o5lpmsha7f8c834,97,normal_high,order_1,10,laptop,2
90,pc36g6gpk9,1579127353,1579128694,1341,4.93,correct,correct,1,kq67jqev7n42fcds1qvui7es93,82,normal_low,order_1,10,laptop,2
91,po4aj9j1v6,1579127394,1579128169,775,5.97,correct,correct,1,2nlptbumam8gn6o5vt8akl4lc5,100,normal_low,order_6,10,laptop,2
92,pnpunvdb4o,1579127407,1579128075,668,5.21,correct,correct,1,4nj9rp0sv9tuob8mq6gd22e186,100,normal_moderate,order_2,10,laptop,2
93,pjbc976m1d,1579127387,1579128870,1483,4.97,correct,correct,1,77l830j0lcb6u874ir26b8dfo4,100,normal_moderate,order_4,10,desktop,2
94,pspkd94r7m,1579127430,1579128329,899,4.45,correct,correct,1,4ej3r9luq1gee7fr7qb1a9l1r3,78,normal_moderate,order_6,10,desktop,2
95,pu5tsq87ao,1579127434,1579128497,1063,6,correct,correct,1,igsvqb7kuvatgq381t0dffl922,100,normal_low,order_4,10,laptop,2
96,pbdpldpj73,1579127446,1579128609,1163,4.61,correct,correct,1,4l80h5h3v8f9fpn7ilcd47qub5,100,normal_moderate,order_4,10,laptop,2
97,poorvvdi41,1579127439,1579128671,1232,7.05,correct,correct,1,7db4oodlposqo67m20u70j1c00,100,normal_low,order_2,10,desktop,2
98,p21kbvvmfc,1579127439,1579128758,1319,6.41,correct,correct,1,bcvhprfkgpd16veuud0n71m6f3,100,normal_low,order_2,10,laptop,2
99,pbs523t724,1579127512,1579128671,1159,4.3,correct,correct,1,k9ba0m186n553qhis6o2jch270,94,normal_high,order_1,10,desktop,2
100,pvsgvkg69g,1579127567,1579128687,1120,4.9,correct,correct,1,2nmqmcv1816ecm25osn1ikjih4,98,normal_moderate,order_5,10,laptop,2
101,p1o06oe1de,1579127565,1579128474,909,5.84,correct,correct,1,ck1qi60lpq6aipmme7jmge0190,98,normal_low,order_4,10,laptop,2
102,p1ah7u2g56,1579127605,1579128353,748,6.12,correct,correct,1,51pnrqgikqjcu8nmlefq6ekb05,100,normal_low,order_1,10,desktop,2
103,pa7t5e20n4,1579127578,1579128707,1129,6.07,correct,correct,1,ul2kmna9k9cgr742ev19sgha57,100,normal_low,order_4,10,laptop,2
104,p2gml4hphb,1579126450,1579129412,2962,7,correct,correct,1,ef7nn7ua9rvc32gq365okl1q36,100,normal_low,order_6,10,laptop,2
105,phsh405le5,1579127573,1579129048,1475,3.71,correct,correct,1,n97qaskr4c3gmlef6c5r0ln731,100,uniform,order_5,10,laptop,2
106,puusfjf3d9,1579127596,1579129839,2243,4.85,correct,correct,1,m024u4u09jslu9n7j7dsg86mt3,100,normal_moderate,order_6,10,desktop,2
107,pfg8okhn71,1579127635,1579129009,1374,5,correct,correct,1,jf4e8vqh178oje9mctv42r1ca0,100,normal_moderate,order_2,10,desktop,2
108,p7djp63q4a,1579127630,NA,NA,NA,NA,correct,NA,h22agfpg5e3dlsg6g66id9qk53,NA,normal_low,order_5,6,NA,NA
109,pl5sma6eb7,1579127785,NA,NA,NA,correct,NA,NA,2mdt9mghot9feasvmsnoc0m0c1,NA,normal_high,order_2,6,NA,NA
110,ptnulohtrd,1579127766,1579128686,920,4.2,correct,correct,1,q3csifbu9k0b4a46s976m48so3,100,normal_high,order_5,10,desktop,2
111,ph18v6t8tc,1579127786,1579128941,1155,4.66,correct,correct,1,3gci1egkb0keon18sf5g978ri0,99,normal_high,order_6,10,laptop,2
112,pbpefv3ks8,1579127826,1579129169,1343,4.4,correct,correct,1,5dtp2b5j46duq35beanqhrh745,100,normal_high,order_6,10,laptop,2
113,pta4p4cmm2,1579127820,1579129110,1290,4.57,correct,correct,1,bq51aen2q6afbpt1hlmdi6f781,100,normal_high,order_4,10,desktop,2
114,pobpsb5ohp,1579127950,1579128489,539,3,correct,correct,1,6vhoibar6qicn6gdncpfeomv26,100,uniform,order_5,10,desktop,2
115,pm6ik277un,1579128003,1579128846,843,6.13,correct,correct,1,43ituudcq4vtrqpjkdsfqb3jc3,100,normal_low,order_5,10,desktop,2
116,poj79idcf0,1579128051,1579128969,918,2.76,correct,correct,1,dn1an7kr4fgm15330ua01f2go4,100,normal_high,order_4,10,desktop,2
117,pei5arja54,1579128085,1579129378,1293,6.26,correct,correct,1,89fcalg3do4aqr376jfjtec076,67,normal_low,order_5,10,laptop,2
118,p2me0e8isk,1579127792,1579130132,2340,4.02,correct,correct,1,q9to4g9pe5k1m5jebo28ugq6e4,100,uniform,order_4,10,desktop,2
119,pet87fmvcr,1579128127,1579129173,1046,4.54,correct,correct,1,vtvirpb19m6epivbfp1nqfr3o0,100,normal_high,order_1,10,laptop,2
120,prbmblmne0,1579128140,1579129464,1324,4.5,correct,correct,1,unl5gag3gekokenr157nu9n5u2,100,uniform,order_3,10,laptop,2
121,p6nsqi5atj,1579128195,1579129411,1216,4.45,correct,correct,1,ppt4jm2dk874s6bla4isfse4n1,100,normal_moderate,order_4,10,desktop,2
122,pv2du6qjp3,1579128201,1579129103,902,4.32,correct,correct,1,69hnjulnf24q7bq0vl0c8faa86,100,normal_moderate,order_2,10,laptop,2
123,pjvjpu78k8,1579128100,1579128973,873,5.22,correct,correct,1,bfun7fgm0upl2mgj4kibg99vm2,100,normal_high,order_5,10,desktop,2
124,poq7tt5vdc,1579128006,1579130438,2432,3.9,correct,correct,1,ksrrmj2oos5amn92r77723hi16,66,uniform,order_2,10,laptop,2
125,paomarumjs,1579128140,1579130451,2311,5.05,correct,correct,1,i3k36f8vl0p6rvd7b1ipf924a2,95,normal_high,order_1,10,desktop,2
126,pp2rfput4o,1579128311,1579129046,735,3.27,correct,correct,1,hao3142mlusr2kk61n8jubj0n1,100,uniform,order_2,10,desktop,2
127,pj09e7mhg0,1579128350,1579129710,1360,4.41,correct,correct,1,bveitdo7bheb6vm8ciqpvlics5,100,normal_low,order_4,10,desktop,2
128,p66pkrah30,1579128308,1579129318,1010,5,correct,correct,1,s7i86slg064tea4i2dkrhh8pu0,99,normal_moderate,order_2,10,laptop,2
129,p6plqnfn40,1579128333,1579129081,748,6,correct,correct,1,ovi6bm543r3mfrb8ka341bk540,100,normal_low,order_1,10,desktop,2
130,p2c0gce542,1579128410,1579129370,960,4.55,correct,correct,1,tk49t4o549734sm8ggh6j45t71,92,normal_high,order_6,10,desktop,2
131,plogptsmmh,1579128565,1579129060,495,4.19,correct,correct,1,c9oip0p4dal6co28vpip2adp42,100,normal_high,order_6,10,desktop,2
132,pjh96rd0hv,1579128660,1579129549,889,4.3,correct,correct,1,008avand6jfq9a18jrhvdjt4s7,89,normal_high,order_2,10,desktop,2
133,pfghnipkmd,1579128524,NA,NA,NA,correct,correct,NA,r5j2u73dvoqkhpij7o153ik0u4,NA,uniform,order_2,7,NA,NA
134,ps4phe4v84,1579128845,1579129931,1086,4.34,correct,correct,1,7g1f7s4ch24njcl7u68cgkemf6,100,uniform,order_3,10,laptop,2
135,p3dhe9nm4p,1579128528,1579130079,1551,5.15,correct,correct,1,lfomqokfobm3vt1ve32kjsa577,100,normal_moderate,order_5,10,laptop,2
136,p3cg7q7aje,1579129036,1579129989,953,5.82,correct,correct,1,fjb6qgk97tvjeuiup99uqeiqp6,100,normal_low,order_2,10,desktop,2
137,pt84g92e6n,1579129001,1579129694,693,4.27,correct,correct,1,ebvtp71jisqurnt9fc32klhsf7,100,normal_moderate,order_5,10,laptop,2
138,pmo1m98t8t,1579129397,1579130501,1104,4.2,correct,correct,1,n88mifk99fpfmdnpv2ovve9ku1,100,normal_high,order_5,10,desktop,2
139,pqb4420cef,1579129314,1579130484,1170,4.06,correct,correct,1,ooqo6qagosljeedt6fspd5ifs3,100,normal_moderate,order_6,10,desktop,2
140,peb1ig0cu1,1579129411,1579131118,1707,5.84,correct,correct,1,7et9h4ca7jh4qt80ak1rki89p7,100,normal_low,order_3,10,desktop,2
141,pdnlfv0hlq,1579129717,1579130782,1065,4.06,correct,correct,1,7qtahsqvovjhur0pd215akgq54,97,normal_moderate,order_4,10,desktop,2
142,popno6qocv,1579130023,1579131785,1762,5,correct,correct,1,bsboq3lbjk6dq84n7pjooii305,100,normal_moderate,order_4,10,desktop,2
143,pc7b1bvors,1579129823,1579130931,1108,5.75,correct,correct,1,nhb708674gccgs837drea8ds62,96,normal_low,order_3,10,laptop,2
144,pdes2vgc0e,1579130111,1579131085,974,4.83,correct,correct,1,vdmk7gartjhmes8d11ic1mj694,100,normal_high,order_6,10,desktop,2
145,pj6ba4vf05,1579130150,1579131088,938,4,correct,correct,1,4lir7h46j0toj871qe9munoos3,100,uniform,order_6,10,laptop,2
146,pdh9s8a00b,1579130375,1579131275,900,4.35,correct,correct,1,vst1dvoukpb79q45vvbjk71c30,100,normal_high,order_5,10,desktop,2
147,p9lnrnlsms,1579130364,1579131267,903,5.1,correct,correct,1,jl5e5i7uace0qfu9mivqmol1u1,100,normal_high,order_1,10,desktop,2
148,p22t9djnso,1579130464,1579131269,805,2.69,correct,correct,1,1qnmhk4ct7cereuejcpm80mal2,99,uniform,order_2,10,laptop,2
149,p5pla4fudv,1579130462,1579131738,1276,3.4,correct,correct,1,eolfhvu3dudhvhoe5ql8tkmma0,99,uniform,order_2,10,laptop,2
150,p8vndn27hi,1579130656,1579131610,954,5,correct,correct,1,ctsj3dv5rip510sgb2l7c91rm7,100,normal_low,order_2,10,desktop,2
151,pumsid4bdn,1579130783,1579131520,737,3.51,correct,correct,1,q4bhuf06stpuntlc3lrlib5mi5,100,uniform,order_4,10,desktop,2
152,pg3kt868bu,1579130995,1579131677,682,4.26,correct,correct,1,dhbavuff6jjutieu3jkvhk4bq0,100,normal_high,order_5,10,desktop,2
153,p1ruq0kcna,1579130977,NA,NA,NA,NA,NA,NA,1f9hlmqu25or2ierpudf898b55,NA,normal_high,order_1,1,NA,NA
154,plv4iefs9s,1579131394,1579132228,834,4.56,correct,correct,1,9n8k7el6muqcmn54sbuqu4d7p7,100,normal_moderate,order_1,10,laptop,2
155,pisuflku9h,1579132023,1579133154,1131,5.6,correct,correct,1,676l9ve6qvbn9c3v0p2podu4p4,69,normal_low,order_4,10,laptop,2
156,phvnhhumf3,1579132407,1579133372,965,6.37,correct,correct,1,n8n5og34qtg28u0dbbj7l3hio1,100,normal_low,order_5,10,laptop,2
157,pkd4jopsf3,1579132555,1579133683,1128,6.09,correct,correct,1,m128pe8ajt47e5jok082gbe8j3,97,normal_low,order_3,10,desktop,2
158,p43orfp102,1579133545,1579134515,970,5.5,correct,correct,1,n961m5afumdib4js52fv9mv4n1,86,normal_low,order_3,10,laptop,2
159,phkoe53d87,1579133846,1579135299,1453,5.07,correct,correct,1,bs55n2dp4f55j7c2920s4ej721,56,normal_moderate,order_6,10,laptop,2
160,p7nadkbl7t,1579133942,1579134915,973,5.1,correct,correct,1,j0k1hpf6tb2v0barkao3vabvh7,100,normal_moderate,order_6,10,laptop,2
161,paa8i86so5,1579134415,1579135089,674,3.9,correct,correct,1,5713sbdh4si7j3ke9rbqp4ri75,95,uniform,order_6,10,laptop,2
162,pag2s2qvn1,1579135189,1579136153,964,5,correct,correct,1,iaetcu3emnjqlqnokcmbg7i313,100,normal_moderate,order_6,10,desktop,2
163,pdb48mjaam,1579135728,1579136641,913,4.85,correct,correct,1,gp6ehl033nq5rdi0mpqe5hk7c3,95,normal_high,order_1,10,laptop,2
164,phja4u7e5q,1579135788,1579136740,952,5.15,correct,correct,1,d0o1hvbp91tsoc5b753gt94607,100,normal_moderate,order_1,10,desktop,2
165,pqdm63n9np,1579135973,1579136866,893,4.4,correct,correct,1,ptr714lsdfg58mqmapbp318d75,100,normal_moderate,order_6,10,desktop,2
166,pgtj2romg3,1579136795,1579137541,746,6.71,correct,correct,1,g2dm6eod2hcc5s7t5agffthtl5,73,normal_low,order_3,10,desktop,2
167,pnkoaqnfhp,1579136871,1579138210,1339,2.56,correct,correct,1,i9q12tcu3gsc6ffp0n36tau8e6,95,uniform,order_1,10,laptop,2
168,pf34dn3044,1579137637,1579138771,1134,2.54,correct,correct,1,7cmmsidu3sg2neqsvptl7kk5c7,100,uniform,order_1,10,desktop,2
169,pktgoj7obf,1579138181,1579139162,981,6.04,correct,correct,1,6bhfupoelrq4cr94mq8n4gg4b7,100,normal_low,order_3,10,desktop,2
170,pf21ntt7rd,1579138379,1579139553,1174,3.92,correct,correct,1,o09dglj243uhgmd35jn07b98u3,95,uniform,order_3,10,desktop,2
171,p42maehcjr,1579138467,NA,NA,NA,NA,NA,NA,bve2nda41f32n9rees2q6iggg1,NA,normal_moderate,order_1,2,NA,NA
172,p33h6kmmjv,1579137624,1579139707,2083,4.45,correct,correct,1,nt7m4jmrn3sp9j0ku6l3gdtpa1,100,normal_moderate,order_4,10,laptop,2
173,psr7ph0mns,1579139835,1579141133,1298,4.54,correct,correct,1,hjaiphqvif7bnhf6g31l6pfe73,100,uniform,order_5,10,laptop,2
174,pu7m5saf40,1579141369,1579142078,709,3.4,correct,correct,1,elgo3l20mjv2epufvrunedmhe7,100,uniform,order_3,10,laptop,2
175,plpduvto91,1579142148,1579143145,997,6.2,correct,correct,1,735c3j4ulvm0bd3dqvqg49s482,100,normal_low,order_2,10,laptop,2
176,ph8am4qfr8,1579142347,1579143312,965,5.79,correct,correct,1,sin2a74r0b4r35o615etqcdet3,94,normal_low,order_6,10,laptop,2
177,pn04o5bf0d,1579144790,1579145961,1171,4.43,correct,correct,1,smhn0iflq35r6gma5inhvmn1s2,94,uniform,order_1,10,laptop,2
178,p3qiq3cvs7,1579144793,1579146399,1606,4.7,correct,correct,1,kl11o3cv46bauvrqol1oesoe62,98,normal_high,order_5,10,desktop,2
179,phbo0m43bh,1579150445,1579151217,772,3.83,correct,correct,1,9rgp279l5dc2r7qhldrsuon053,100,uniform,order_4,10,laptop,2
180,p76regp4bm,1579151748,1579153058,1310,2.97,correct,correct,1,ohalnjkai2ls1ht63934san3a2,82,uniform,order_5,10,laptop,2
181,psik40o7g5,1579151905,1579154001,2096,5.35,correct,correct,1,53i80hn76u2717b4a01ebh5697,100,normal_low,order_5,10,laptop,2
182,p871ada8ob,1579152116,1579153725,1609,5.62,correct,correct,1,g3okhr77i2v33m7qb26cd2i363,79,normal_low,order_6,10,laptop,2
183,pd089crh0c,1579154284,1579155551,1267,4.81,correct,correct,1,pd07g6e5ak1893j9cjv06sblv4,64,normal_high,order_6,10,desktop,2
184,piuhjt7i4q,1579171406,1579172224,818,3.83,correct,correct,1,6rvsb7oc3lerv9ghalli4dpns2,100,normal_high,order_1,10,desktop,2
185,ptrrburgl2,1579177127,1579177912,785,5.11,correct,correct,1,s0hl1ook6g98bs4gvdqrlhml82,100,normal_low,order_4,10,desktop,2
186,p1ittgop7n,1579179077,1579180231,1154,3.37,correct,correct,1,fja4cdvpul28j7m1r2avgiubq1,100,normal_low,order_2,10,laptop,2
187,pqfqb0ljjr,1579179116,1579180014,898,5.05,correct,correct,1,j5a4k6bfeqvplppbhtsdlm7jf1,88,normal_moderate,order_5,10,desktop,2
188,po0b5rqdhv,1579179393,1579180299,906,5.69,correct,correct,1,vo6d2cnnq21vgs2e2csb0gqas5,100,normal_low,order_4,10,laptop,2
189,pnkjrnatsa,1579179731,1579180727,996,4.82,correct,correct,1,63nt8c87bbof7q85qv6jilcnk1,100,normal_moderate,order_2,10,desktop,2
190,pc13qomof4,1579180362,1579181897,1535,4.75,correct,correct,1,p6u9mh4tu0269k2ddgl17669h1,97,normal_high,order_5,10,laptop,2
191,p5jvrmiq1e,1579180705,1579182207,1502,4.57,correct,correct,1,m6v6rdep9asslfg24orbuqgip5,100,normal_high,order_6,10,laptop,2
192,p7eps5fav4,1579181045,1579181940,895,5.65,correct,correct,1,4siqi1m8l17lc83kk5u1h3uk92,100,normal_low,order_6,10,desktop,2
193,paiktcpf03,1579184622,1579186910,2288,5.5,correct,correct,1,d8vf5jb4cp15nqha4f4f8ht1c1,100,normal_low,order_2,10,desktop,2
194,pi00aas8kh,1579186605,1579187498,893,3.34,correct,correct,1,hhkavktcudo08air5u06q8ed47,90,normal_high,order_6,10,laptop,2
195,pkd5almter,1579187193,1579188220,1027,4.08,correct,correct,1,mr3isisl5nmd64n0bu0n4g7950,95,normal_high,order_4,10,laptop,2
196,pu36hqlrmj,1579187231,1579188552,1321,4.75,correct,correct,1,v1jle5qmjeot3889dp0apmrjr3,69,normal_moderate,order_5,10,laptop,2
197,pg3423me4a,1579187243,1579188164,921,6.12,correct,correct,1,5lbn1kecg2uo1q9la1jbnjr1j4,100,normal_low,order_2,10,laptop,2
198,prsil5372c,1579187277,1579188493,1216,4.25,correct,correct,1,n4qafsohsa2627609sd136gcd2,97,normal_high,order_4,10,laptop,2
199,pk4b2i1d4t,1579187311,1579188428,1117,4.24,correct,correct,1,tnshodke51p92s1mecahvkf4h3,99,normal_moderate,order_3,10,laptop,2
200,pvjvm8b9ov,1579187349,1579188119,770,4.64,correct,correct,1,h0kuhi1d9mruar232a1tp40lb3,100,normal_moderate,order_6,10,desktop,2
201,pcdsba4mkp,1579187360,1579188912,1552,5.62,correct,correct,1,fq7gmba6d740ge814qc2fh87o6,98,normal_moderate,order_6,10,desktop,2
202,p6qhrsqnnr,1579187410,1579188234,824,4.6,correct,correct,1,1hp8l0e27m79sg1ltjim6guvg4,100,normal_high,order_5,10,desktop,2
203,ppj489ksh5,1579187435,1579188062,627,4.26,correct,correct,1,2uof135dmgamqcbe88fnt8vhv4,84,uniform,order_4,10,desktop,2
204,p1rrlo9kjr,1579187462,1579187925,463,4.07,correct,correct,1,61g7v1shhh63fgfbin0nbohch7,89,normal_moderate,order_5,10,desktop,2
205,plesva8j5c,1579187492,1579188233,741,4.78,correct,correct,1,gco6jp67lf8cdb4ggpu27parl0,100,normal_high,order_2,10,desktop,2
206,p7lvs1n9k2,1579187439,1579188533,1094,2.71,correct,correct,1,140kd58abauk0l55qgu89rbfb4,88,uniform,order_3,10,laptop,2
207,peoqph9qsg,1579187507,1579188722,1215,5.72,correct,correct,1,qlrm1b0rfc442raeq9tov3e7q4,100,normal_low,order_2,10,desktop,2
208,p84q3hi6dc,1579187474,1579188378,904,4.3,correct,correct,1,qkms4ipk1kdh6mspr0d5on34l5,99,normal_moderate,order_4,10,laptop,2
209,p0ig5mopcd,1579187496,1579188155,659,2.33,correct,correct,1,nk8250seb9bma396b1t4986bm6,100,uniform,order_2,10,desktop,2
210,p45hii6v71,1579187512,1579188274,762,3.25,correct,correct,1,k2mgtdn6oe4euqpl4a700a09m1,100,uniform,order_3,10,desktop,2
211,p96598u38r,1579187498,1579188588,1090,4.67,correct,correct,1,vjg8df7lsgqt5g0e80jheah0f3,89,normal_moderate,order_6,10,desktop,2
212,peqcc6r3ae,1579187504,1579188226,722,2.01,correct,correct,1,5llvp15hd1sc0uih157bsk0qr2,100,uniform,order_4,10,laptop,2
213,ptachhm3bi,1579187511,1579188670,1159,6.62,correct,correct,1,pbtlj26lrtkpirg8n5gp7hh3u3,90,normal_low,order_5,10,desktop,2
214,p0qqkh5442,1579187518,1579188439,921,3.36,correct,correct,1,k9kgpj44kc791uooek23ibekh3,94,uniform,order_3,10,laptop,2
215,p94aq88cnr,1579187485,1579188511,1026,4.86,correct,correct,1,11uuq4v867lcmii054p0kvtco3,94,normal_high,order_5,10,laptop,2
216,p1lja2o35c,1579187518,1579188542,1024,4.76,correct,correct,1,0000nj4srekcfaq37g2hm1oah7,100,normal_high,order_4,10,desktop,2
217,p218nle8mh,1579187505,1579188757,1252,6.5,correct,correct,1,5h508ps40p65kkgjvrglfeboj2,100,normal_low,order_5,10,desktop,2
218,pnlh6931qr,1579187536,1579188509,973,4.32,correct,correct,1,o9r8bi17a0jn1rmrphdislulr6,95,uniform,order_4,10,laptop,2
219,pn55e7hglu,1579187551,1579188419,868,3.1,correct,correct,1,oc8jqdv82f2of8dof8v8i2t6h0,100,normal_moderate,order_2,10,desktop,2
220,p5c535lsec,1579187568,1579188301,733,4.75,correct,correct,1,hcdocnb5n65efja9dirv0jc911,100,normal_moderate,order_6,10,desktop,2
221,poqo2653ru,1579187521,1579188514,993,4.05,correct,correct,1,iptho0qm60fj560u83agdlvkn7,100,normal_moderate,order_3,10,laptop,2
222,psjjjloeaa,1579187567,1579188292,725,6.29,correct,correct,1,ff9fb4mjhtrhie5mhclt1k7ek7,100,normal_low,order_4,10,laptop,2
223,p2st1k79gc,1579187554,1579188304,750,4.74,correct,correct,1,9bgrt66djp2sgugn8lt011lri4,98,normal_high,order_6,10,laptop,2
224,pphbdesb36,1579187540,1579188833,1293,4.42,correct,correct,1,0c9m48ndffjdlu26nto82thu60,100,normal_high,order_5,10,desktop,2
225,p5gpnk9dic,1579187555,1579188328,773,4.06,correct,correct,1,sqpmpsphhktdpjrjjfdh7imsu2,100,normal_high,order_3,10,desktop,2
226,pj7elj33fb,1579187499,1579188523,1024,5.02,correct,correct,1,jth7q5ehlnh8opm88683licvl3,100,normal_moderate,order_3,10,desktop,2
227,prjk36nhsg,1579187564,1579188507,943,4.57,correct,correct,1,i5pdfaqeeg853n6dm7cpdorlj5,100,normal_moderate,order_3,10,laptop,2
228,phbmbq04d5,1579187518,1579189113,1595,4.79,correct,correct,1,gg3kmb0v7j6cbok5pkgvte3714,100,normal_moderate,order_6,10,desktop,2
229,pivbs82pp8,1579187580,1579188556,976,2.45,correct,correct,1,g6agfbup5jnktallj2gep6ks62,100,uniform,order_6,10,desktop,2
230,pvvegj7hli,1579187551,1579188263,712,5.1,correct,correct,1,if8h0ubn2c1smcornf9hnjrdv2,93,normal_low,order_1,10,desktop,2
231,p32avnb2n3,1579187597,1579188386,789,2.17,correct,correct,1,5b0dal0mdhq0dqunjn8g9keal4,78,uniform,order_5,10,laptop,2
232,p7lhcqq138,1579187599,1579188345,746,4.04,correct,correct,1,g55rq4ku3i6hffhgmuoc2vne66,86,normal_high,order_3,10,laptop,2
233,p34g2f5l4r,1579187500,1579188561,1061,6.31,correct,correct,1,51cp7ro1hn5vlc8lmuhchd8q02,97,normal_low,order_1,10,laptop,2
234,pf9n645ghj,1579187557,1579188614,1057,3.05,correct,correct,1,889bkhc46aevrgf204pm2ncj93,100,uniform,order_3,10,desktop,2
235,pt1kftc8lc,1579187619,1579188958,1339,6.15,correct,correct,1,ds5257s1917hac37bgcfqjldv7,97,normal_low,order_1,10,laptop,2
236,p7itj97935,1579187628,1579188341,713,4.81,correct,correct,1,ko132r9lukng9f893t8ecas9v4,100,normal_moderate,order_6,10,desktop,2
237,p81ap6chrj,1579187629,1579188762,1133,6.4,correct,correct,1,n9jrsk4n020mp99b1f6pi285p0,97,normal_low,order_5,10,desktop,2
238,phul8cqcf4,1579187553,1579190169,2616,4.5,correct,correct,1,hvu36g5gc0q9u5vh8s3v538oh3,99,normal_high,order_6,10,desktop,2
239,p00e6a0jas,1579187648,1579188311,663,4.56,correct,correct,1,5iiatqr8fb8hf3hks5dmiq87b3,96,normal_moderate,order_1,10,desktop,2
240,psngg50si7,1579187657,1579188911,1254,6.83,correct,correct,1,qj9ceev189mfa1hfo211bvvg64,80,normal_low,order_1,10,desktop,2
241,p54a9se3hs,1579187640,1579188369,729,6.2,correct,correct,1,64ve1f5fba7kfmkv2u6km9aug1,100,normal_low,order_3,10,desktop,2
242,p875fo3qvg,1579187624,1579188695,1071,4.19,correct,correct,1,0812rrrr57k6lmk7kqpbjriah0,99,uniform,order_5,10,laptop,2
243,p110fc4ak7,1579187643,1579188666,1023,3,correct,correct,1,uuj5gbpv1nddu6kkp3sgse4ar7,98,normal_high,order_3,10,laptop,2
244,pbbsr0k0et,1579187678,1579188424,746,4.47,correct,correct,1,jvv6liab0mjq9oenh31toomlj3,100,normal_moderate,order_6,10,laptop,2
245,p2a0j57skb,1579187605,1579188524,919,4.81,correct,correct,1,fi4ecchr554t64fe2q39taped2,100,normal_high,order_2,10,laptop,2
246,p3mhdvmmnv,1579187702,1579188465,763,6.05,correct,correct,1,ilosqbm5l3m2k3jl2l8gfej635,93,normal_low,order_1,10,laptop,2
247,pm8vvg30lu,1579187711,1579188299,588,5.67,correct,correct,1,aeji7bqlf0qpgoeqb7qgibckg6,97,normal_low,order_6,10,desktop,2
248,pb1cscoora,1579187671,1579188940,1269,4.32,correct,correct,1,h1pogre2tn9usq1huv1dna3n04,98,normal_high,order_4,10,laptop,2
249,p5jhkon19d,1579187673,1579188702,1029,3.07,correct,correct,1,cmatsllb116o4tov6i14e43fp3,92,normal_moderate,order_3,10,laptop,2
250,pa3pjcd12u,1579187722,1579188652,930,4.45,correct,correct,1,gqnu0ldu3umvvv6re5qsrohff4,95,normal_high,order_1,10,laptop,2
251,pd227runam,1579187712,1579189541,1829,4.62,correct,correct,1,us9rdbki32o9hqskdvqlfgq5n5,100,normal_high,order_1,10,laptop,2
252,p34jmpo88f,1579187717,1579188722,1005,4.02,correct,correct,1,0nd00p6f1t6kgov1k29gr9das3,92,uniform,order_4,10,desktop,2
253,p5agqgh208,1579187757,1579188682,925,3.38,correct,correct,1,n0jj6t1v4182j69arn69jga9m2,NA,normal_high,order_4,10,NA,2
254,pbes0benml,1579187775,1579188571,796,5.14,correct,correct,1,l387lm39f5bl3ctjvq3gi0rai7,100,normal_high,order_1,10,desktop,2
255,pnq0t6juif,1579187770,1579188628,858,4.04,correct,correct,1,b7dbuefe8bc0nk3bdc32od4i86,99,normal_moderate,order_3,10,laptop,2
256,p4l2b7gj21,1579187767,1579188533,766,5.18,correct,correct,1,pdk3aqjoghjabb1bm39ojjhu52,94,normal_moderate,order_5,10,desktop,2
257,ppm91fc22j,1579187794,1579188808,1014,2.91,correct,correct,1,mqqgqbnlekdrompv8ldqlekh37,93,normal_high,order_5,10,laptop,2
258,pfppe02lr1,1579187701,1579188691,990,4.07,correct,correct,1,r0rkn666t3gjqhlsddfmok6n03,100,uniform,order_3,10,laptop,2
259,pdi0jkfpes,1579187801,1579188536,735,2.7,correct,correct,1,t1f1vq0frobu1q31oj0n1msg65,94,uniform,order_4,10,laptop,2
260,padodhgbto,1579187782,1579188708,926,5.09,correct,correct,1,nas8ha5dbv5tggrbg51v36iim7,100,normal_moderate,order_2,10,laptop,2
261,p2ebhkl02a,1579187847,1579188871,1024,2.85,correct,correct,1,s90ls5jcu81akrh337iopvi0a0,98,uniform,order_5,10,laptop,2
262,pmbthn6dul,1579187841,1579188759,918,3.9,correct,correct,1,n6i06v36a3af82ic66f3efmmq6,94,normal_high,order_3,10,laptop,2
263,ph3bsp1lvr,1579187855,NA,NA,NA,NA,NA,NA,14o3qi7b307aue0g64dnrodud3,NA,uniform,order_3,1,NA,NA
264,ptv5gvvnoa,1579187798,1579188801,1003,4.5,correct,correct,1,39e1m8df10jrgmi7m4tp4cqpo5,96,normal_moderate,order_6,10,laptop,2
265,pv44cpe1h9,1579187880,1579188874,994,6.39,correct,correct,1,o6fdrh5bmhdm21u4r7lrs3lp35,100,normal_low,order_4,10,laptop,2
266,pntablbe56,1579187932,1579188541,609,2.62,correct,correct,1,o3qd3rvn9q67ct9okp0fiqc096,81,uniform,order_5,10,laptop,2
267,pe19eu8f5j,1579187928,1579188660,732,4.98,correct,correct,1,5457d04992rpskre1cc5tg9v34,98,uniform,order_1,10,laptop,2
268,p7o6avebhl,1579187961,1579188458,497,3,correct,correct,1,cra7atu8gmalh5fknd3sf4anu0,100,normal_high,order_1,10,desktop,2
269,puptiaujkq,1579187980,1579188627,647,5.12,correct,correct,1,qv90c0cffg32rf4i19dirst5h0,100,normal_high,order_4,10,desktop,2
270,p3pafq2rf5,1579187984,1579188933,949,4.26,correct,correct,1,uio4g3qg13ka6dofk5ci9cpt83,100,uniform,order_5,10,desktop,2
271,phrng5lt5g,1579187992,1579188862,870,4.13,correct,correct,1,6tod5rrlffkdbanpnlm133fe17,100,uniform,order_5,10,laptop,2
272,pcgp3iji2a,1579187986,1579188919,933,4.56,correct,correct,1,vnb2o274nbonlk343vqhu86mn4,100,normal_moderate,order_3,10,laptop,2
273,pu9r8qc1kc,1579188003,1579188905,902,3.57,correct,correct,1,ln6vk9m1muc7h1jukrb8t644v4,100,uniform,order_1,10,laptop,2
274,pjujc50mfv,1579188025,NA,NA,NA,NA,NA,NA,pj4v1vct042fu7nl2eb37djbv3,NA,normal_low,order_2,4,NA,NA
275,ph4aksb45f,1579188030,1579189252,1222,2,correct,correct,1,j9a9fha2fa5mkkr60hp01k71c2,100,normal_low,order_4,10,laptop,2
276,pgl9cemrgp,1579188034,NA,NA,NA,correct,correct,NA,aog7ap3ko2u0959tn007b4k7c7,NA,normal_low,order_6,7,NA,NA
277,puv7bc69ft,1579188075,1579188977,902,3.74,correct,correct,1,0n4fo8d5sakdf0nk87metb48o2,100,uniform,order_6,10,desktop,2
278,p8ul2fmeei,1579188028,1579189352,1324,4.37,correct,correct,1,02aejegoqreh04pbr4bfsgof70,100,normal_moderate,order_1,10,laptop,2
279,p3hg26dqea,1579188087,1579188742,655,4.87,correct,correct,1,je1kbjntuod2se31p3795cfpt5,97,normal_moderate,order_4,10,laptop,2
280,p39i5o1brj,1579188068,1579189038,970,4.39,correct,correct,1,nff93o9mqj8q0r6uav83rjv8s0,100,uniform,order_5,10,laptop,2
281,pimmg48uv1,1579188107,1579189050,943,5.47,correct,correct,1,6comhdriabjta93nkrp3ehfg86,99,normal_high,order_1,10,laptop,2
282,ptfum7acli,1579188182,1579189205,1023,4.84,correct,correct,1,sgeih78q6ji286d3va7q306na6,99,normal_moderate,order_1,10,desktop,2
283,prq3tdfnnb,1579188148,1579189237,1089,2.68,correct,correct,1,r6adnsg9vgu2ndunj6re03l483,100,uniform,order_3,10,laptop,2
284,pm0mgcurkl,1579188195,1579188979,784,4.7,correct,correct,1,23fdh68j3s73l3g775i0nt2ie3,98,normal_moderate,order_5,10,laptop,2
285,puc55nil0u,1579188214,1579188887,673,3.53,correct,correct,1,lavt27o0sjiivmui6abdjmrvu3,100,uniform,order_6,10,laptop,2
286,poh7l11esu,1579188211,1579189290,1079,4.13,correct,correct,1,om0435qqts4hcm5kualm61ien0,99,normal_high,order_3,10,laptop,2
287,p5gd6dj3r4,1579188234,1579188856,622,4.63,correct,correct,1,25a134d842fooefs1ivrni4q85,100,normal_high,order_3,10,desktop,2
288,pikbh8p11n,1579188117,1579189457,1340,4.27,correct,correct,1,5ftq5mlnc5liu0pf1ajngkhn71,99,normal_high,order_1,10,laptop,2
289,pm5h6dkknh,1579188260,1579189043,783,5.2,correct,correct,1,k9hp7272dd5ot3g2t5p4pgjdt1,100,normal_high,order_3,10,desktop,2
290,pk310v70o1,1579188216,1579189494,1278,3.1,correct,correct,1,co6053optp66jjsgnai242eak6,100,normal_moderate,order_4,10,laptop,2
291,pmrp7o68o6,1579188031,1579189310,1279,4.08,correct,correct,1,3jpk95qgutm2u304qg6l2b3ri6,100,uniform,order_5,10,laptop,2
292,popmnak5pq,1579188321,1579189120,799,3.41,correct,correct,1,kv9igurhtrlbpovsbro31ubp20,100,uniform,order_3,10,desktop,2
293,pd2d6nta56,1579188232,1579189629,1397,4.19,correct,correct,1,1rllasaehtenvg25gv4m4199q2,100,normal_high,order_2,10,laptop,2
294,p1tp1lq0m6,1579188370,1579189319,949,4.86,correct,correct,1,h9m05ittp31ulc05ncvk1kcvk3,86,normal_moderate,order_4,10,laptop,2
295,pvse8fc08t,1579188410,1579189137,727,6.45,correct,correct,1,7fsjrfa8aakfr8vcc577kp4gk4,100,normal_low,order_3,10,desktop,2
296,pbjia6u8ls,1579188035,1579189341,1306,4.2,correct,correct,1,srbhs98k6tqla04pjv2nfm59v3,61,uniform,order_3,10,desktop,2
297,pjm4cvc9ti,1579188436,1579189619,1183,3.82,correct,correct,1,q6vd6t97alpgo40go6iqiaocb6,94,uniform,order_1,10,desktop,2
298,pbcemmc84c,1579188425,1579189339,914,6.15,correct,correct,1,csa9trevfq4tmkkhspju17fj91,100,normal_low,order_6,10,laptop,2
299,p1mnhod90b,1579188443,1579189147,704,3.09,correct,correct,1,8j3cqav9demmldh481166ig1m4,100,uniform,order_3,10,desktop,2
300,p9c0rbdsnm,1579188418,1579190886,2468,3.95,correct,correct,1,oqi19if8e7koo6vmf1mm47trh3,99,uniform,order_1,10,desktop,2
301,pu9llbv8l7,1579188447,1579189547,1100,4,correct,correct,1,2asqrt2vm0jor8g3jbi66v51r3,99,normal_moderate,order_2,10,desktop,2
302,p7jujqdvd0,1579188381,1579189532,1151,5.97,correct,correct,1,hpolv8e5s23g87tfb1a1o580c3,89,normal_low,order_6,10,laptop,2
303,pua0ii9p4k,1579188506,1579189734,1228,5.63,correct,correct,1,kgvukpo0uou4sg709t7ioms903,100,normal_low,order_6,10,laptop,2
304,peb92s417h,1579188529,1579189244,715,5.75,correct,correct,1,lvttvo97bmtc0lf9e6rjb0iqr6,97,normal_low,order_1,10,desktop,2
305,p25knhvsj4,1579188494,1579189453,959,3.41,correct,correct,1,ikqkjhfgodqo70fnhpriaoqf95,100,uniform,order_5,10,desktop,2
306,pevs72fcse,1579188502,1579189359,857,4.42,correct,correct,1,ku0j49b5pcoe4r9a89vemgicu0,100,uniform,order_5,10,laptop,2
307,p4d0thcgfe,1579188521,1579189307,786,2.31,correct,correct,1,hvkqp7vpe6ltnneehojdl69m22,21,uniform,order_5,10,desktop,2
308,p96uclig9k,1579188494,1579190031,1537,2.85,correct,correct,1,5l9e9b23frg8jgje0b5acsnem4,100,uniform,order_5,10,laptop,2
309,ppcfdsa9or,1579188009,1579189890,1881,4.5,correct,correct,1,mfhm20oq9g9bq05lr3nvnm12s2,98,normal_moderate,order_6,10,laptop,2
310,pn2rd6kiaj,1579187900,1579189464,1564,4.23,correct,correct,1,ddlni469dq4c39fk2rf5s28721,96,normal_high,order_6,10,laptop,2
311,pup2pl8rt5,1579188615,1579189723,1108,5.4,correct,correct,1,6rrcgq9h0eeapm9ggaa8uk72d0,100,normal_low,order_2,10,laptop,2
312,p5bp8eq9n8,1579188616,1579189703,1087,4.78,correct,correct,1,hhf2s1forhdio13jibvdfvv432,99,normal_high,order_5,10,desktop,2
313,pbg0ain4kb,1579188646,1579189584,938,5.7,correct,correct,1,goodd7a3klqb88525go50kdel3,100,normal_low,order_1,10,laptop,2
314,p0h1r83hh7,1579188177,1579189438,1261,4.66,correct,correct,1,bmpfa291rsbgurihlhcfml2ts5,100,uniform,order_3,10,laptop,2
315,pcgjn71sis,1579188703,1579189621,918,5.04,correct,correct,1,vvfkqckuqq5j5jkqjco26sgvs4,100,normal_high,order_3,10,laptop,2
316,p3qsvhiq2r,1579187841,1579189831,1990,4.21,correct,correct,1,g5nhl2bl7be4kchud2eqkpl862,100,normal_moderate,order_3,10,desktop,2
317,pri0hvupjg,1579188755,1579189539,784,4.67,correct,correct,1,nf8fp876a4m7367r1ugvja7021,100,normal_moderate,order_1,10,desktop,2
318,plhe7o1oio,1579188795,1579189501,706,4.82,correct,correct,1,p2ejc4qt3cm7utvc215uovsvo5,100,normal_moderate,order_2,10,laptop,2
319,piplmtivtm,1579188784,1579189521,737,4.04,correct,correct,1,72ivjblragqnkucshm48331sr1,98,uniform,order_5,10,laptop,2
320,p9tm02k843,1579188808,1579190050,1242,6.47,correct,correct,1,7p416169phktcr9vc549ual1i1,100,normal_low,order_5,10,laptop,2
321,pif9spl72s,1579188931,1579189606,675,4.55,correct,correct,1,l6kdp0fvg15oei75naj9246362,96,normal_high,order_5,10,desktop,2
322,p5o8svbnhq,1579188933,1579190655,1722,4.4,correct,correct,1,glaqu89fij0s8kiopmos0r2gg3,90,normal_moderate,order_5,10,laptop,2
323,p2hthf58qu,1579188986,1579189795,809,6.49,correct,correct,1,kka5mnnop6qb9hucrbi043jls5,100,normal_low,order_6,10,desktop,2
324,po9cqcifpk,1579188949,1579190345,1396,4.64,correct,correct,1,p69q57au9l5udg65hgbhn7faq2,100,normal_high,order_3,10,laptop,2
325,pvp60obfoa,1579188976,1579189907,931,2.9,correct,correct,1,njfeuvupgbakc7avv2ubufd2i4,98,normal_high,order_1,10,laptop,2
326,pf3ne7haje,1579188734,1579190007,1273,3.41,correct,correct,1,g9j7s42ab7k0iv8vhgddvdlpk4,98,uniform,order_5,10,laptop,2
327,pnjs7t8eav,1579189023,NA,NA,NA,NA,NA,NA,j994l4hu2euaimoi306m3oe4j3,NA,normal_moderate,order_4,1,NA,NA
328,ptvcnotetj,1579189003,1579189789,786,2.15,correct,correct,1,5m7mpf3k6tglpuljujm3t9dgj3,100,uniform,order_6,10,desktop,2
329,p4kqt9gaa6,1579188990,1579191824,2834,5.92,correct,correct,1,6k0ha20iq3a6iuoq88rgiqs713,100,normal_low,order_4,10,desktop,2
330,pd6mivtjvq,1579189084,1579189662,578,5.41,correct,correct,1,irqvumjg4krla67uir4sgkhmo1,98,normal_moderate,order_3,10,laptop,2
331,pj4agr4cbi,1579189072,1579191541,2469,5.6,correct,correct,1,jjee1snpf8s3qfsjme8u91oa51,94,normal_low,order_4,10,laptop,2
332,p7a57kt96s,1579189220,1579190400,1180,3.7,correct,correct,1,ttim3n2vpljrm3b7u02md8egb4,99,uniform,order_6,10,laptop,2
333,p6i054u70v,1579189188,1579190281,1093,5.01,correct,correct,1,imn5q11i0rsi5b0qs81v6d3hr0,100,normal_moderate,order_5,10,laptop,2
334,p76ql4noif,1579189193,1579190559,1366,5.85,correct,correct,1,osh4dqk9h1ueb2jjj7vk4e4v45,94,normal_low,order_1,10,desktop,2
335,pb0pv404qg,1579189357,1579190388,1031,4.26,correct,correct,1,vuvrel4aiud56bj2jgn7tfc9f3,100,uniform,order_3,10,laptop,2
336,pvtcdf8i38,1579189346,1579190683,1337,6.47,correct,correct,1,7vpp8m68tnk6tj30pdeq8v4ab5,100,normal_low,order_5,10,laptop,2
337,p7ura0re2t,1579189259,1579190758,1499,4.75,correct,correct,1,7p5tr8kvpg7e1u8l9g2glsku72,100,normal_moderate,order_3,10,laptop,2
338,ptt8ovcot2,1579189445,NA,NA,NA,NA,NA,NA,uie52q5roqdlbm0pl588s9nqn1,NA,normal_high,order_3,4,NA,NA
339,pulq6nga8r,1579189447,1579190208,761,3.54,correct,correct,1,14t37754kodiaudtpe4f9436l0,100,uniform,order_6,10,desktop,2
340,p7d0m87pkq,1579189477,1579190571,1094,4.54,correct,correct,1,0gtsh2cit925filnu1h3njlpf7,100,normal_high,order_4,10,desktop,2
341,pt90gtgs54,1579189597,1579190194,597,6.43,correct,correct,1,nere8tbec1drk5i99i134pbur5,100,normal_low,order_5,10,laptop,2
342,p3e2b3vfvo,1579189561,1579190323,762,5.81,correct,correct,1,ftq0dieatseftbo6ngci0gr7h0,100,normal_low,order_6,10,desktop,2
343,pptrplovu7,1579189656,1579190401,745,4.91,correct,correct,1,dkd3t2u98199cllsj5t123h8g4,98,normal_moderate,order_3,10,laptop,2
344,pqpvdcba9q,1579189663,1579190594,931,3.74,correct,correct,1,8obs8d81sj320gq640avg8bss6,100,uniform,order_2,10,laptop,2
345,ppk3iqmh0t,1579189640,1579190915,1275,4.6,correct,correct,1,9rupbd18d8s3ph06jqbe2jvt93,100,normal_low,order_4,10,laptop,2
346,pttqtn02ut,1579189724,1579190555,831,4.74,correct,correct,1,9eqp161a1t7cvbfhr2kamt6v96,100,normal_moderate,order_5,10,desktop,2
347,pkk3lo9v4e,1579189761,1579190568,807,4.13,correct,correct,1,jhqb0kch6krsb4j3e63nnaqbl2,100,normal_high,order_6,10,laptop,2
348,prkdak12ij,1579189825,1579191474,1649,5.42,correct,correct,1,mff0sa021faf0s7iigfd33t371,85,normal_low,order_1,10,laptop,2
349,p1rn7l58s4,1579189872,NA,NA,NA,correct,correct,NA,prjh3kin248h81cgcvqpkccj83,NA,normal_moderate,order_5,7,NA,NA
350,pns5doe91o,1579189788,1579192365,2577,5.16,correct,correct,1,jttlmb3cgkpgv62t1lknqv6ej2,97,normal_moderate,order_5,10,desktop,2
351,pfmr5sg42h,1579189890,1579190952,1062,2,correct,correct,1,ihp4rv59hh7h4esr346l6u2832,98,uniform,order_6,10,laptop,2
352,pvmvk3ur5d,1579189957,1579191211,1254,4.45,correct,correct,1,lu2gr7tu4diqiv4js04r2krek5,100,normal_high,order_4,10,desktop,2
353,p4jtgatknu,1579190030,1579190986,956,4.34,correct,correct,1,aqk136qj6eu1ub26kkjd2vouj5,100,normal_high,order_5,10,laptop,2
354,p3uvr27l2d,1579190072,1579190877,805,5.47,correct,correct,1,72ptp81s5sdtof2qm8uh6dgq42,100,normal_low,order_2,10,laptop,2
355,pdfs2s4tuv,1579190060,1579191240,1180,3.3,correct,correct,1,7hkcuiul8f46nv5o02sqjnfng6,96,uniform,order_1,10,laptop,2
356,pqv6q6idrs,1579190045,1579191877,1832,6.82,correct,correct,1,v79tpbt65hi5assdu597vf0pv5,100,normal_low,order_4,10,laptop,2
357,prigue3r0l,1579189313,1579190991,1678,4.51,correct,correct,1,5dbtfnnqmtj0rkf11pp5hpgep7,98,uniform,order_5,10,laptop,2
358,p5f7um040a,1579189402,1579191176,1774,4.42,correct,correct,1,rfaheb0vo640fnm81tusj8b0t1,100,normal_high,order_1,10,laptop,2
359,phbiuhbodu,1579190202,1579190926,724,2.57,correct,correct,1,jd0olc8bv6tvl3doo7deiopjv5,60,uniform,order_3,10,desktop,2
360,p83b1rghn9,1579190205,1579192756,2551,3.84,correct,correct,1,0pg7rhn1g7hqlhr0geh7nk1ph3,100,normal_high,order_6,10,laptop,2
361,pmku1p15aj,1579190211,1579191407,1196,5.23,correct,correct,1,8j4vbnns2jes7s56d7sdtt3ee0,100,normal_low,order_5,10,laptop,2
362,p7gahpqpkj,1579190284,1579191248,964,2,correct,correct,1,89rdqd2sjmm8oank5dtu59op14,100,uniform,order_2,10,desktop,2
363,pdfk5dij3q,1579190321,1579191261,940,4.78,correct,correct,1,vp1tk6f5cugl49hf5a52a6kdb6,100,normal_moderate,order_4,10,laptop,2
364,pb887s29pk,1579190315,1579191448,1133,5.03,correct,correct,1,usvemj079vpi39i05e26sjmuh1,100,normal_moderate,order_5,10,desktop,2
365,pcmf5bdpvs,1579190494,1579191580,1086,4.47,correct,correct,1,89qmflkdlitanefdhfsrh11031,100,normal_moderate,order_5,10,laptop,2
366,p1qd74rpug,1579190558,1579191450,892,4.99,correct,correct,1,qq1hj1njt9icdtqg041hafcam4,100,normal_moderate,order_4,10,desktop,2
367,pm8rdvj1tn,1579190441,1579192075,1634,3.01,correct,correct,1,0clfn1jge0krg5o21q1jnh9861,100,uniform,order_2,10,desktop,2
368,p1l4dqjte2,1579190887,1579191713,826,4.76,correct,correct,1,fr402t0qjpnj8q80oa4rpf2o53,100,normal_moderate,order_5,10,desktop,2
369,po401f9o36,1579190942,NA,NA,NA,NA,NA,NA,2ckab773ivv5hld4f5baltr2r3,NA,uniform,order_5,4,NA,NA
370,p7k625ak4f,1579191058,1579192261,1203,4.66,correct,correct,1,isqcbb85hm5b2qorcej3j8i817,100,normal_moderate,order_1,10,desktop,2
371,pbtt1eqtld,1579191107,1579192558,1451,4.5,correct,correct,1,vm7r8mdot3imukiur79tdmg165,100,normal_moderate,order_2,10,laptop,2
372,p3qafkl4t0,1579191124,1579192119,995,5.1,correct,correct,1,armpf097rng1ptg5q49gsfo061,100,normal_moderate,order_4,10,laptop,2
373,pfi6r8p08h,1579191209,1579191751,542,5.59,correct,correct,1,peclm8tjjvpmf8rk1l39gm8342,100,normal_low,order_1,10,laptop,2
374,pme0qnpl0j,1579191184,1579191974,790,4.86,correct,correct,1,rn692frljsqldqal6sllhrtng2,100,normal_high,order_4,10,laptop,2
375,ps17df6f7a,1579191201,1579192004,803,4.03,correct,correct,1,7udi0m5q3af3r7fq53qb309ot2,87,uniform,order_1,10,desktop,2
376,p3pj987k9q,1579191222,1579191939,717,7.01,correct,correct,1,9komtukki6ncg64rk62uf14sk3,100,normal_low,order_6,10,desktop,2
377,p9mue6aht9,1579191290,1579192678,1388,6.1,correct,correct,1,c44tfidotkm1bojrjakak8v9g5,97,normal_low,order_1,10,laptop,2
378,p2r0dg082m,1579191385,1579192591,1206,4.26,correct,correct,1,t33m4c7j6hgds8tublnk6pg003,100,normal_moderate,order_5,10,laptop,2
379,pur9sqtj06,1579191329,1579192495,1166,4,correct,correct,1,vco72ptitrjtpj6eb7pu2tr4l4,100,normal_low,order_6,10,desktop,2
380,pc66urv9r9,1579191419,1579192300,881,5.75,correct,correct,1,evhpqbcd824mo1rnuhvpih6m95,92,normal_low,order_6,10,desktop,2
381,pif2njotsb,1579191414,1579192390,976,4.52,correct,correct,1,thklf26qt17kjho2qi12t7cjq5,95,normal_high,order_5,10,desktop,2
382,p5qt4i8e34,1579191258,1579193213,1955,2.65,correct,correct,1,iqmm3sk80lhuvrdrohl8nuau47,100,normal_moderate,order_1,10,laptop,2
383,pboa6ob573,1579191665,1579192805,1140,6.27,correct,correct,1,0ir27g1v8jclv52j97m8bvo1c7,94,normal_low,order_5,10,desktop,2
384,p085lk6lsa,1579191703,1579192580,877,3.75,correct,correct,1,5e1187uj8ok06d0kq8to4ccm46,100,normal_high,order_1,10,desktop,2
385,p5uku3kfe0,1579191697,1579193089,1392,2.15,correct,correct,1,nn1jp6ggk4advfbqa0ilp1q3e7,100,uniform,order_4,10,desktop,2
386,psenf964i3,1579191803,1579192776,973,3.5,correct,correct,1,elb6g0a46ghmap8qm7255nr7h2,100,uniform,order_5,10,laptop,2
387,ptl1v1bmbh,1579191905,NA,NA,NA,NA,NA,NA,f3p274u3ve9eqvj91ok2uu5a16,NA,normal_high,order_5,1,NA,NA
388,pgemliimpk,1579192127,1579193243,1116,6.5,correct,correct,1,p2ido2doc6u9v3pmvlk62plvr6,100,normal_low,order_5,10,laptop,2
389,p2ptpto6s5,1579192159,1579193289,1130,4.94,correct,correct,1,3m3n38gljfh9o6ur5e4flmduu1,100,normal_moderate,order_5,10,laptop,2
390,p7qc8llgs1,1579192252,1579193114,862,2.29,correct,correct,1,ia1ha6mf9ae9f64ahkf3lao116,66,uniform,order_3,10,laptop,2
391,pkftjqo4bo,1579192284,1579193569,1285,3.17,correct,correct,1,97b8ij4ut2cpgsr2db233qf590,100,uniform,order_5,10,desktop,2
392,plkh2mavui,1579192318,1579193227,909,4.33,correct,correct,1,6ddbjpq9fk1scj0l357s19hbn3,100,normal_high,order_5,10,laptop,2
393,p9ersqcl1f,1579192429,1579193253,824,4,correct,correct,1,4lhiph6ckug6nel0e5fd3a7i94,93,normal_moderate,order_4,10,desktop,2
394,pr43a75b9b,1579192431,1579193341,910,6.12,correct,correct,1,2omf58esea86intog5ev82vs73,100,normal_low,order_5,10,laptop,2
395,pun0tpvo4u,1579192467,1579193339,872,4.53,NA,NA,1,evgsp0f6e9o2c0sm65s5q6kp95,97,normal_high,order_2,10,laptop,0
396,p977uaho8b,1579192568,1579193964,1396,6.5,correct,correct,1,ktfko24plmsqkmorscsn29laa4,100,normal_low,order_4,10,desktop,2
397,pv5bo4ccno,1579192563,1579193748,1185,3.25,correct,correct,1,ibotlj3f7oikubmbtm9bj512i7,100,uniform,order_6,10,laptop,2
398,pl0htdvbrc,1579192585,1579194416,1831,4.48,correct,correct,1,lk8lo2e05pt7rteofkfh8hdfh0,100,normal_moderate,order_2,10,desktop,2
399,ptdtse6gag,1579192881,1579194258,1377,4.14,correct,correct,1,r0ebct1nop2pj450gkpohvcgb5,100,normal_high,order_2,10,desktop,2
400,pntsjk6ete,1579192956,1579194884,1928,5.75,correct,correct,1,6epk976tbr4qmd5kqik45eopk1,100,normal_low,order_4,10,laptop,2
401,p2b32ppio1,1579193022,1579193881,859,4.4,correct,correct,1,b26ishtgln6f3p756rvv0nq060,100,normal_moderate,order_1,10,laptop,2
402,ph98tlb6q4,1579193071,1579193974,903,3.61,correct,correct,1,jat2duf5vetfpn6k82e2fkekv3,75,normal_high,order_3,10,desktop,2
403,pea4oha9vm,1579193192,1579194567,1375,3.28,correct,correct,1,0g83o81deqdnj0ocertdjlmmk2,99,uniform,order_2,10,laptop,2
404,p5ef9u14sb,1579193375,1579194221,846,3.88,correct,correct,1,mpcqk1nprnrm1esjquf2c3hol0,100,uniform,order_5,10,desktop,2
405,pp19ncf91k,1579193484,1579194348,864,4.57,correct,correct,1,4k8umlcn48ef6uh5ghm2v58ga3,100,normal_high,order_6,10,desktop,2
406,pj7cs33kdn,1579193553,1579194717,1164,4.62,correct,correct,1,01a44m8ggr7ml2qlnk10e3qjk3,100,normal_moderate,order_5,10,laptop,2
407,pcpbp823s4,1579193630,1579195393,1763,3.7,correct,correct,1,toagmrlm035oviacv6aalvg666,100,uniform,order_5,10,laptop,2
408,p2bjanqvo7,1579193680,1579195314,1634,4.76,correct,correct,1,fmmcj1nl1mhosp61b2tknfmgp0,100,normal_moderate,order_6,10,laptop,2
409,pfgll3n1o2,1579193873,1579194805,932,6.08,correct,correct,1,ip7leb0tjtemjq5sf359i7v4e3,96,normal_low,order_5,10,laptop,2
410,p58u2v4ccd,1579194102,1579194923,821,4.67,correct,correct,1,8pfvh06fhjtne6dkm0ijek56c0,96,normal_high,order_3,10,laptop,2
411,ped7fncafs,1579194134,1579195476,1342,4.66,correct,correct,1,63pa3aumfbipu1l76nppd3qhf2,100,normal_moderate,order_4,10,laptop,2
412,pn7lq19f85,1579194081,1579195358,1277,4.5,correct,correct,1,mo8tpftcl9cqddoeajpb33iuj4,95,normal_high,order_6,10,laptop,2
413,pb2bdgl971,1579194230,1579195158,928,3.76,correct,correct,1,leo4a1ci9roef0uej3ejfktus6,100,uniform,order_3,10,laptop,2
414,p0evvn3ut5,1579194543,1579195374,831,2.92,correct,correct,1,6dkglnieo2nm0mnc86l0uohoa4,96,uniform,order_3,10,desktop,2
415,p2521vbthn,1579194596,1579195495,899,2.5,correct,correct,1,r8m1hhjsp9fpks9i3abaedqod2,100,uniform,order_4,10,desktop,2
416,pd2gpvnm01,1579194645,1579195461,816,4.63,correct,correct,1,sh361h0o3oq8bmag4h3sjg1426,100,normal_high,order_4,10,desktop,2
417,pvn7s7cu0m,1579194639,1579195876,1237,4.65,correct,correct,1,40bg84v7t0vanv7qgcl5pra6q0,99,normal_high,order_2,10,desktop,2
418,pt7sshg3fh,1579194772,1579195496,724,5.84,correct,correct,1,6im775g2f27eb2dsc7drdmeku5,94,normal_low,order_4,10,desktop,2
419,pqd8ou00qj,1579194811,1579195703,892,2.65,correct,correct,1,8ncmp02cvmsmlhuril3s5a1fs2,97,uniform,order_3,10,laptop,2
420,pchsk1eqj8,1579195108,1579195876,768,3.55,correct,correct,1,bl50cptri6s6i4vlb39vvr36n5,100,normal_high,order_4,10,desktop,2
421,ps3qmc4q9s,1579195106,1579195751,645,4.24,correct,correct,1,65vl1tua0855pstvdq512g0nm5,100,uniform,order_3,10,laptop,2
422,pk82s6jfsm,1579195197,1579196186,989,4,correct,correct,1,cj8j6tfcfg4o90p5abjrbi50u1,98,normal_moderate,order_4,10,laptop,2
423,p412gih8pd,1579195183,1579196112,929,6.07,correct,correct,1,a66vfkabao6c1ri9bvnabuj945,88,normal_low,order_4,10,desktop,2
424,pdc1fbbvv7,1579195263,1579196495,1232,5.18,correct,correct,1,jvfa0vqnd23p2emrqjn02m8gu2,100,normal_moderate,order_3,10,desktop,2
425,pm6pg4bqjt,1579195292,1579196352,1060,5.98,correct,correct,1,oidau34tf1q7j097schcent8f3,92,normal_low,order_6,10,desktop,2
426,pdmvag9og5,1579195333,1579196777,1444,2.6,correct,correct,1,j2o4700hvla0r0o0t82l7uigk5,93,uniform,order_1,10,desktop,2
427,pv20l5fgol,1579195357,1579196189,832,4.02,correct,correct,1,8onjb0vpb7ncosf4097ri6v912,100,uniform,order_6,10,desktop,2
428,p714q4qa4f,1579195366,1579196311,945,6.66,correct,correct,1,7nnf031f9u2jr8jkgs26kfkhv1,90,normal_low,order_1,10,laptop,2
429,pakhiuk0o7,1579195488,1579196531,1043,6.02,correct,correct,1,4d81el61oe7tp68f9kqmh3a3f1,99,normal_low,order_4,10,laptop,2
430,poa9a10rql,1579195562,1579196256,694,2.78,correct,correct,1,u415823jm7e07sk705mu99i5g1,97,uniform,order_1,10,laptop,2
431,p09og45pgs,1579195935,NA,NA,NA,correct,correct,NA,v66g5pv70ip9ge2gmea7c0cee6,NA,uniform,order_6,7,NA,NA
432,phfrauvddt,1579195948,1579197014,1066,4.83,correct,correct,1,r6br1e75pmnu2uehrs50h4pub3,83,normal_moderate,order_3,10,laptop,2
433,pgd7ppeh4f,1579196045,1579196998,953,4.04,correct,correct,1,s4281l1q2hjr9ckhmrdtcg4d44,97,uniform,order_3,10,laptop,2
434,phgodepple,1579196118,1579197031,913,5.63,correct,correct,1,jrijlcgh4tjs75jausg9asa7f5,100,normal_low,order_2,10,desktop,2
435,p0lm91nst3,1579196167,1579196832,665,5.15,correct,correct,1,3qft720iv778e59vv0kpi8bug0,98,normal_moderate,order_2,10,laptop,2
436,plpn96tiv6,1579196203,1579197084,881,4.32,correct,correct,1,pojb2cii0msppv89phi9c3bv26,100,uniform,order_1,10,laptop,2
437,pqtqojnaa8,1579196457,1579197392,935,4.76,correct,correct,1,b1r5rsjuv6opmi4dpodb41dfe4,100,normal_high,order_1,10,desktop,2
438,pc7o4njlga,1579196620,1579197345,725,5.49,correct,correct,1,la85h0fg688r9ccocp8ofs79i7,100,normal_low,order_3,10,desktop,2
439,pp96pg3pmu,1579196635,1579198033,1398,3.94,correct,correct,1,feo71oakgcfsevbroog14aqgr1,81,uniform,order_3,10,desktop,2
440,p425m35pmq,1579196745,1579198425,1680,6.55,correct,correct,1,hqvl4mj565g694dn2du4cdsbb7,98,normal_low,order_1,10,laptop,2
441,pvifpj5bh7,1579197018,1579197882,864,6.67,correct,correct,1,jtvmutr0afks7dv12cnv110dt5,98,normal_low,order_5,10,laptop,2
442,p5sslebg7r,1579197174,1579198625,1451,4.51,correct,correct,1,55ahc332q1l7l2m8hqm8sgrgu3,100,normal_moderate,order_2,10,laptop,2
443,pe8ll3r0q7,1579197310,1579198049,739,2.37,correct,correct,1,b2ln9djdealhlupp7tpcemufm7,100,uniform,order_5,10,laptop,2
444,pgl419hdma,1579197320,1579198207,887,6.55,correct,correct,1,g46715j28qbm7jc4hv33ski5q4,100,normal_low,order_6,10,laptop,2
445,poerddee8j,1579197249,1579199105,1856,5.18,correct,correct,1,fgnk1m2hehhjmd1uq9ojime8e6,100,normal_high,order_5,10,laptop,2
446,pk4nhpojus,1579197474,NA,NA,NA,NA,NA,NA,amaaj0a86kenmc5jsong6b5bu5,NA,uniform,order_3,1,NA,NA
447,ptulfbgfih,1579197494,1579198413,919,4.74,correct,correct,1,14votl7ml0250d9hgah79bd1i7,100,normal_high,order_1,10,desktop,2
448,puemkoirj1,1579197781,1579198804,1023,5,correct,correct,1,mr6jn11k28180ksvsa7datfsa3,100,normal_moderate,order_4,10,desktop,2
449,pb2m3v12ec,1579197804,1579198988,1184,4.18,correct,correct,1,2oknscs0s0duokbq9j1n2btst7,92,normal_moderate,order_5,10,desktop,2
450,pk2igr4ecf,1579198006,1579199327,1321,3.24,correct,correct,1,2kicpdc6f4e3bunep2tscqcjo2,97,normal_high,order_5,10,laptop,2
451,p0gpi0a6v1,1579198340,1579199952,1612,5.1,correct,correct,1,he8fqpege9jf09peth4fnu3q46,100,normal_high,order_5,10,laptop,2
452,pf4fm5lpr7,1579198223,1579200198,1975,4.15,correct,correct,1,8ja77dtairm3f50nluqmhp9c75,95,uniform,order_3,10,laptop,2
453,pu9pm03pvi,1579198431,NA,NA,NA,NA,NA,NA,cdqg2lmj4h7gc4col0q20le4n7,NA,uniform,order_3,4,NA,NA
454,p2prkf50ev,1579198482,1579199716,1234,4.54,correct,correct,1,c2gqr0dj43ci9f85tm3ftdahq4,100,normal_moderate,order_4,10,laptop,2
455,pti56j6djb,1579198506,1579199561,1055,5.94,correct,correct,1,j2neqb9hpjtuvtp396dlegcs75,95,normal_low,order_3,10,desktop,2
456,pn5nbd5n3p,1579198745,1579200183,1438,3.41,correct,correct,1,bjqavek5469481s15jfou39nj6,100,normal_high,order_4,10,laptop,2
457,pis13ir8r7,1579198837,1579199852,1015,4.88,correct,correct,1,9m3d5s7ul6oi2o8paesemgg4n5,96,normal_high,order_3,10,desktop,2
458,pen5368pto,1579198885,1579199407,522,4.81,correct,correct,1,am7uj6qf2hsqr4mnjopfjvlas4,98,normal_low,order_4,10,laptop,2
459,pu9louv4mb,1579198857,1579201326,2469,5.15,correct,correct,1,6homqga1ub8vp0rsgqs136a3v4,97,normal_moderate,order_5,10,laptop,2
460,pm47ha3rkk,1579198879,1579200101,1222,4.39,correct,correct,1,cfuastkpdt4q616lca28aqhvh6,90,uniform,order_1,10,laptop,2
461,phg9946oc4,1579198917,1579199710,793,2.32,correct,correct,1,9nhkp32j6hs1tfgsr41fipts31,100,uniform,order_5,10,laptop,2
462,p33irj0ffk,1579198963,1579199566,603,4.46,correct,correct,1,jbl7e09clo0rtmsp21b8qpj5m1,100,uniform,order_1,10,desktop,2
463,p16mhgme64,1579198999,1579199784,785,3.5,correct,correct,1,hj48ohuu3668j2qhji0ub6vdn7,99,normal_low,order_5,10,laptop,2
464,ppc9t9bm46,1579199388,1579200216,828,4.16,correct,correct,1,ps9aq0hd7gpk3rh41fq3eprt56,100,normal_high,order_1,10,desktop,2
465,pfngsl17d1,1579199580,1579200349,769,4.05,correct,correct,1,heg4mks5e45bvm8misrgo4got1,100,normal_high,order_1,10,desktop,2
466,pg7v0posp4,1579199622,1579200489,867,3.49,correct,correct,1,5k6ko5beilvth2ckn177ptcip6,100,normal_high,order_1,10,desktop,2
467,p1vd7vcot2,1579199699,1579200481,782,6.27,correct,correct,1,r3kcdnpr30du166oau3mcelrm0,100,normal_low,order_3,10,laptop,2
468,p7po8kel1s,1579199780,1579200733,953,6.18,correct,correct,1,i2esb914n5ir14sjjarnp2p5n4,100,normal_low,order_1,10,desktop,2
469,pdt3k4grkg,1579199802,1579201354,1552,4.61,correct,correct,1,prrum06t3ppp74hjdiv1ss7vk7,98,normal_moderate,order_5,10,laptop,2
470,p6u7vknqnq,1579199180,1579203517,4337,4.48,correct,correct,1,lgprtgpp8av2dhd8j6pge9a483,100,normal_high,order_1,10,desktop,2
471,pi5rgi8v72,1579200151,1579201075,924,2.91,correct,correct,1,ojarb033qvcd49v1ncror5ej23,72,normal_high,order_4,10,desktop,2
472,p6e8aeahb6,1579200129,1579201466,1337,4.84,correct,correct,1,sbn5a04e81ug0gq4j2uhhsjta6,100,uniform,order_5,10,desktop,2
473,pa02d22d6a,1579200179,1579201507,1328,3.16,correct,correct,1,ha4buh344rp2jj5tboqmbfr126,97,uniform,order_5,10,desktop,2
474,p5mhsoucdd,1579199844,1579201116,1272,5.24,correct,correct,1,glqdca0dholj70a8ehtrblsme5,100,normal_low,order_1,10,desktop,2
475,p2upcebb5o,1579200320,1579200993,673,4.53,correct,correct,1,p7tcbl28kc356lf741aqi5usk3,93,normal_moderate,order_1,10,desktop,2
476,pbfltesp22,1579200350,1579201538,1188,5.59,correct,correct,1,bmerncbqcim76q902o99rfm5j3,99,normal_low,order_2,10,desktop,2
477,ppql5aa0sg,1579199850,1579201595,1745,5,correct,correct,1,jktvahgqn470g0pb926e6jlho4,100,normal_low,order_4,10,laptop,2
478,pkg802didd,1579200416,1579202655,2239,5.05,correct,correct,1,q524uoci4vpusocl11jq2fdko0,88,normal_low,order_5,10,desktop,2
479,pgkedk5gje,1579200686,1579201548,862,5.77,correct,correct,1,bs3l07mvfkci9m3uncl8hibqv7,98,normal_low,order_2,10,laptop,2
480,pi1eakaefq,1579200749,1579202348,1599,5.15,correct,correct,1,fu90g0dbk6gkrabr5baaohc4v0,91,normal_moderate,order_1,10,laptop,2
481,p8no32nq3l,1579201363,1579203058,1695,4.2,correct,correct,1,gelr41e0ltingtbmaeer7tmaa0,97,normal_moderate,order_1,10,laptop,2
482,po02mbu8v4,1579201465,1579202502,1037,5.72,correct,correct,1,42m535q7j8otedifnmd9tlorr1,100,normal_low,order_2,10,desktop,2
483,pgroai2fuh,1579201876,1579203139,1263,4.86,correct,correct,1,u4f39ddev8id0jq4f6tn25icc0,99,normal_low,order_2,10,laptop,2
484,pg01kgbfph,1579201924,1579202882,958,4.49,correct,correct,1,va4rqlpl16nb92rm36fl3bd820,100,normal_moderate,order_6,10,laptop,2
485,pesfdcklu5,1579202426,1579203497,1071,4.03,correct,correct,1,rrb684oujq6ckmf5jm11j68vc3,82,normal_high,order_3,10,desktop,2
486,p689f4befn,1579202224,1579203330,1106,5.19,correct,correct,1,c4uvvmq240jbg3fo7llcurebj4,86,normal_low,order_1,10,desktop,2
487,pbi22mdfms,1579202685,1579203873,1188,5.07,correct,correct,1,4rjb718kc1ad3bc0fn8ug6h3r0,100,normal_low,order_6,10,desktop,2
488,pjlfp2imvb,1579202833,1579203794,961,5.58,correct,correct,1,j2ccl39s9k18b3hpvres4hjvi6,99,normal_low,order_3,10,laptop,2
489,p734dm5r08,1579202847,1579204105,1258,3.52,correct,NA,1,v5rql5ov56nv76apf9ko48dp15,100,normal_high,order_5,10,laptop,1
490,p3olj2a09c,1579202832,1579203939,1107,3.71,correct,correct,1,djj4pc13bjha5vmmjicc2eguu7,100,normal_high,order_1,10,laptop,2
491,pnqkdqu7kv,1579203049,1579204130,1081,5.05,correct,correct,1,i021epa4qpic7gvigsbi55tb77,100,uniform,order_5,10,desktop,2
492,pg0pmfo7f0,1579203281,1579204591,1310,4.75,correct,correct,1,j0pqjthhdh8eqifbqashcnhgc3,90,normal_moderate,order_4,10,laptop,2
493,paoguq6fcd,1579203424,1579204474,1050,5.01,correct,correct,1,3sc3sfhftjlr1oqv0gb21fl550,100,normal_moderate,order_3,10,laptop,2
494,pb9t1l9k53,1579203522,1579204378,856,3.75,correct,correct,1,uqipf92r5vdq691invg4lp0sq1,100,uniform,order_6,10,desktop,2
495,pm4u2t7mmf,1579203698,1579204736,1038,2,correct,correct,1,mu68qn2c9ceuol7e7bc4csaqr4,84,normal_high,order_3,10,laptop,2
496,plce134lpv,1579204066,1579205037,971,2.86,correct,correct,1,orkj4scj8mbphiehcifi4g8sp0,100,uniform,order_3,10,laptop,2
497,pm52ltv36t,1579204154,1579205535,1381,3.28,correct,correct,1,mqpap9ch98i5h7pt6tblpf4487,100,uniform,order_6,10,desktop,2
498,pr5n0cgvnu,1579204315,1579205331,1016,3.27,correct,correct,1,ui4522d8ut5ot4lekv1acf4mk7,100,uniform,order_3,10,desktop,2
499,p0bkro3lta,1579203369,1579205581,2212,6.27,correct,correct,1,1d178gnijg4t2nsu85a89iord4,100,normal_low,order_5,10,laptop,2
500,psqlvdg43l,1579204830,1579205617,787,4.68,correct,correct,1,b7ccl8na74qnorma8nic7uicb7,99,normal_moderate,order_5,10,laptop,2
501,pqvl89h2vv,1579204510,NA,NA,NA,NA,NA,NA,3unpa65dqareb304dn57v5o441,NA,uniform,order_5,1,NA,NA
502,p8rq4iafm7,1579204918,1579206142,1224,4.24,correct,correct,1,3ktp6c1psodgqbsm0547c56no1,100,uniform,order_4,10,laptop,2
503,pgh17p2qbn,1579204929,1579205785,856,5.22,correct,correct,1,3ocaiau11nemi48f4f62nt77s4,100,normal_high,order_2,10,desktop,2
504,p7hs4jd3i8,1579205197,1579206385,1188,3.6,correct,correct,1,75lnmseq2huvl7amhmudijpkt3,100,uniform,order_5,10,laptop,2
505,p13t0atj0c,1579205364,1579206331,967,2.51,correct,correct,1,5dpar8mjsltgqi8s025mg5nui3,100,normal_high,order_6,10,laptop,2
506,p9c4nokfri,1579205469,1579206219,750,3.15,correct,correct,1,06n1vvdeesuo9lokn4153q68i3,100,uniform,order_6,10,desktop,2
507,pj4ur7382c,1579205435,1579206556,1121,5.8,correct,correct,1,rcsg3or2ns7516heokbq4sh6s7,100,normal_low,order_6,10,laptop,2
508,p2pna17uj1,1579205562,1579206515,953,6.46,correct,correct,1,39hk9ka30ai593363lqh9v6a03,98,normal_low,order_5,10,laptop,2
509,prp5hhhb70,1579205935,1579207743,1808,4.3,correct,correct,1,voap10j42imuhua55hit64ba12,94,normal_moderate,order_3,10,laptop,2
510,p63o0a4a79,1579206885,1579207710,825,5.09,correct,correct,1,h7q1rgtt90c5mnvf05eppb5ab0,100,normal_moderate,order_5,10,laptop,2
511,pdv2ibjejn,1579207477,1579208263,786,6.25,correct,correct,1,ci70rm78omfa32ee7i9gbkau26,100,normal_low,order_4,10,desktop,2
512,po4rn86je3,1579207631,1579208961,1330,4.33,correct,correct,1,cnf6mp0rcljnvnp7qb62p3qp35,77,uniform,order_3,10,desktop,2
513,pu8i3f92b0,1579207758,1579208914,1156,4.47,correct,correct,1,1d2hrjjjoavbahtp2nc3ds32g6,100,normal_high,order_4,10,desktop,2
514,pab97ocin1,1579207746,1579208875,1129,6.33,correct,correct,1,7bqph7m6ap8bfclg9bls4np0l1,93,normal_low,order_1,10,laptop,2
515,pk6tcg73ep,1579208524,1579210853,2329,4.67,correct,correct,1,m17e93k2713a2d7eseovrih6s1,100,normal_moderate,order_6,10,laptop,2
516,pallfgtgrl,1579208576,1579209586,1010,4.23,correct,correct,1,attrr1f26s5p4nvfpo3pvej963,97,uniform,order_5,10,desktop,2
517,p92g03gccd,1579209140,1579210512,1372,5.49,correct,correct,1,bm2icioag8c2g44t5duainajf7,98,normal_low,order_1,10,laptop,2
518,pkv7chqkit,1579209251,1579210374,1123,4.59,correct,correct,1,aur6qoi9gqrl9pacicm5m5hgb2,86,normal_high,order_4,10,desktop,2
519,p1o8rc2e6j,1579209286,1579211077,1791,6.87,correct,correct,1,o669pt1f8694vrmouh5el7vv03,99,normal_low,order_2,10,laptop,2
520,pf7j6ei79b,1579209370,1579210523,1153,5.18,correct,correct,1,kgamj4v9l4kstordh0ug14hd15,100,normal_low,order_1,10,laptop,2
521,p9v7ccrnne,1579209516,1579210551,1035,4.69,correct,correct,1,n2ct0cqt0r66noqa6upif7hlv7,100,normal_high,order_5,10,desktop,2
522,pcjof6k5g5,1579209647,1579211069,1422,4.11,correct,correct,1,tmq7o719tplt6fkv4s5bagfba2,98,normal_high,order_6,10,laptop,2
523,ptjt5smlpu,1579209607,1579212078,2471,3.81,correct,NA,1,pjqlfqcssk2s4kta55ttja9ju5,100,uniform,order_3,10,laptop,1
524,pdmontttkk,1579210028,NA,NA,NA,NA,NA,NA,n0dhinmg9np1koq49pmksji5o4,NA,uniform,order_5,2,NA,NA
525,pn65gj7s4h,1579210296,1579211087,791,4.92,correct,correct,1,rv3kmuadvqdimkt70r6muplls0,100,normal_low,order_1,10,laptop,2
526,pfkuecu7ql,1579210485,1579211951,1466,4.94,correct,correct,1,vca3m7sslhk2vae28dv6nf7eh7,89,normal_moderate,order_4,10,laptop,2
527,pml2e33s8e,1579210555,1579212361,1806,6.03,correct,correct,1,9nh8es4emdf6sndrd51p104cv5,100,normal_low,order_6,10,laptop,2
528,pi6bvjdmnm,1579210803,1579211880,1077,4.17,correct,correct,1,q99epm0uo96ig19sillmr0kp15,100,uniform,order_6,10,laptop,2
529,p4mrjba97d,1579211006,1579211857,851,4.62,correct,correct,1,h90bjuv1c3j2jgt18k0c4agig7,70,normal_moderate,order_3,10,desktop,2
530,pqbo2uv9go,1579211284,1579212081,797,3.37,correct,correct,1,khmlp1nqonrh3fjfmigovp3n76,100,uniform,order_5,10,laptop,2
531,ps4dtj5igo,1579211354,1579212156,802,4.46,correct,correct,1,meovkknl3j004mfgehtsepfii7,95,normal_high,order_6,10,laptop,2
532,pikhsb36p9,1579211589,1579213008,1419,2.39,correct,correct,1,107g6sd1klh088kigf6jpaqcs5,94,uniform,order_4,10,desktop,2
533,ps28avdqr0,1579211754,1579212853,1099,4,correct,correct,1,cge2bk9gju24jeoav7ne8prpf0,100,uniform,order_3,10,desktop,2
534,pmmr6gnigr,1579211925,1579213233,1308,3.46,correct,correct,1,1k2sf785a002l8vhb1b5mcprt0,97,normal_moderate,order_4,10,desktop,2
535,pah5p7uird,1579212328,1579213116,788,4.5,correct,correct,1,fophv9rm411ts7vkbubgj8v134,100,normal_moderate,order_4,10,laptop,2
536,pf9j7gd7d1,1579212710,1579213629,919,5.48,correct,correct,1,pvkpifbq9avble0ri0ob0ua8m2,100,normal_low,order_4,10,laptop,2
537,po4vv4dk36,1579212924,1579213951,1027,3,correct,correct,1,cam7cf36dstajc63537ap8rnu3,100,normal_low,order_5,10,laptop,2
538,plvkvp469u,1579212993,1579214197,1204,4.78,correct,correct,1,qad5ee7in8br0nlougmqc5pfs3,100,normal_high,order_2,10,laptop,2
539,p4e9nuf6va,1579213526,1579214903,1377,3.75,correct,correct,1,2kn955tafa5s3ividhf6jpl5g6,100,uniform,order_4,10,laptop,2
540,pib2ugi7io,1579213851,1579214769,918,4.33,correct,correct,1,3b8gsbf57co9lk94et3ifmotu0,97,normal_high,order_6,10,laptop,2
541,pap7q8aa3i,1579213967,1579214625,658,3.35,correct,correct,1,mbktc69ese6i73lj1k7d235g34,100,uniform,order_3,10,laptop,2
542,p95n5lgnk1,1579214504,1579214955,451,2.39,correct,correct,1,irgh2li72q7mpd6ca4oildb5t2,94,uniform,order_1,10,desktop,2
543,pm3cnmlu26,1579214698,1579216347,1649,5.03,correct,correct,1,dc7op2l9tkbh2aag7o2gvtu880,99,normal_moderate,order_3,10,desktop,2
544,pabg9cmvjg,1579215102,NA,NA,NA,NA,NA,NA,mo47hruvgt0sj57302jfh0k8p1,NA,normal_moderate,order_1,1,NA,NA
545,ptjtofbv0r,1579214861,1579216639,1778,4.16,correct,correct,1,0rsest66tjncce61j2tikm9522,44,normal_high,order_1,10,desktop,2
546,p56qrq9h0j,1579215660,1579217236,1576,3.43,correct,correct,1,5comb6f8k2ba83u03blopjb9n3,100,normal_moderate,order_6,10,laptop,2
547,pkjq3adc7k,1579215917,1579216632,715,6.45,correct,correct,1,1sft5lr1t5bb2gr3iep9t6u1h7,100,normal_low,order_2,10,desktop,2
548,ph2k6dcf0a,1579215934,1579216887,953,3.04,correct,correct,1,et94g2vr3l378o54p2ettmrak7,93,normal_high,order_2,10,desktop,2
549,p4kk2m66ih,1579216616,1579218123,1507,3.2,correct,correct,1,ko0lsdg98hfgh6br6v2k1j05j1,100,normal_high,order_6,10,laptop,2
550,p0ajipq59e,1579217010,1579217696,686,3.36,correct,correct,1,ajq6b6io1c8roqd1ajpeeh3i54,100,normal_moderate,order_4,10,laptop,2
551,plns93vs7o,1579217299,1579218427,1128,4.81,correct,correct,1,lbbki90gspee4nm1u5qs31t542,87,normal_moderate,order_2,10,desktop,2
552,p25blorhcf,1579217805,1579218882,1077,4.97,correct,correct,1,vk9ebbtskrn6l97sa40o1pra04,100,normal_high,order_4,10,laptop,2
553,p6lagjme82,1579218005,1579219005,1000,3.87,correct,correct,1,po8s2tt8d3g6m7ncmsl310gru6,100,normal_high,order_4,10,desktop,2
554,pl4n1g2k72,1579220003,1579220989,986,3.59,correct,correct,1,nbdo51jb7siv4s49j4gevs2im3,98,uniform,order_1,10,tablet,2
555,p81rlmhdnb,1579220008,1579221273,1265,6.45,correct,correct,1,t6ul684c2hij4lfuadr4e171f1,99,normal_low,order_1,10,desktop,2
556,pk75htrdrl,1579220880,1579221663,783,3.19,correct,correct,1,aq1mgo6974ouvajvmal6lqpgt5,98,normal_high,order_4,10,laptop,2
557,pvk7tne5iu,1579221357,1579222767,1410,6.3,correct,correct,1,ora9d98garmefp2a53s157g967,99,normal_low,order_3,10,desktop,2
558,p7kbkggfni,1579221588,1579222471,883,4.5,correct,correct,1,m6fd8jb9m1m92i5cs8gttqi9i5,100,normal_moderate,order_2,10,laptop,2
559,p34008bb8d,1579221750,1579222402,652,4.52,correct,correct,1,n48b14eb2vha43cn7k9ho3s4a2,100,normal_high,order_6,10,laptop,2
560,pa8nsrju5u,1579222390,1579223039,649,3.86,correct,correct,1,bnaesr3ic3fdgc6j8s3sra6eq6,98,uniform,order_2,10,desktop,2
561,p0t1o8bg14,1579222530,1579224222,1692,6.19,correct,correct,1,vc9fh5rtc6sms8egdo97q885i5,100,normal_low,order_5,10,desktop,2
562,p5pjd8l6r4,1579222697,1579223400,703,6.01,correct,correct,1,td7dtvr77va1vkp1csn2m9gp24,78,normal_low,order_1,10,desktop,2
563,pk2lrl22fm,1579223779,1579225159,1380,4.73,correct,correct,1,2fi8djejhlgb3ifkol4s2g6qs1,100,normal_moderate,order_4,10,desktop,2
564,p0hq4vm27b,1579223987,1579225134,1147,5.85,correct,correct,1,l1g1osjgeveo2qe3m630o8ffs7,100,normal_low,order_3,10,desktop,2
565,pejiec4i3e,1579225218,1579226238,1020,4.4,correct,correct,1,ghejcubq63gsrdof9mqi1l1232,95,uniform,order_3,10,laptop,2
566,pfvmn6joo2,1579225705,1579227259,1554,4,correct,correct,1,d2ptbnvh6uu06k1vk9o1p8f7t7,98,normal_high,order_1,10,laptop,2
567,p5h8fcb5gi,1579225762,1579227172,1410,3.01,correct,correct,1,lu7p228tjaddb0i6vm665od4s1,99,normal_high,order_1,10,laptop,2
568,pl2htuius1,1579226567,1579227444,877,4.35,NA,correct,1,osl9ltte4dsu1unjkpnos6eq06,100,normal_high,order_2,10,laptop,1
569,p11scti9ql,1579226777,1579227900,1123,4.47,correct,correct,1,igdd3so83o8tp59r7obvt1fmr4,85,normal_high,order_2,10,laptop,2
570,p7ki3vimvk,1579227152,1579228729,1577,4.37,correct,correct,1,69ifhetisg5gnf36etq5oddg63,84,normal_moderate,order_4,10,laptop,2
571,p1v037flms,1579227301,1579228906,1605,3.53,correct,correct,1,l2c9rqt6b9og07torb70ouedl2,100,uniform,order_6,10,laptop,2
572,pc2fdna9sj,1579227359,1579228179,820,4.63,correct,correct,1,6mop4634nfj0j25lb8voqce862,97,normal_moderate,order_5,10,laptop,2
573,p566pql2fb,1579227613,1579229638,2025,4.33,correct,correct,1,u5eegfudl78j512mnavqtvtqp1,97,uniform,order_6,10,laptop,2
574,p2op1li7ge,1579230967,1579231827,860,5.99,correct,correct,1,bt8i0v85k560lhfe5f66or0pr1,81,normal_low,order_4,10,laptop,2
575,pn99nko5dn,1579231463,1579233222,1759,3.21,correct,correct,1,cbrend0nhfc0fm3qa2ie133l05,100,uniform,order_1,10,laptop,2
576,ptsjf14rim,1579231508,1579233697,2189,4.77,correct,correct,1,rm8mfnleu14on19cmk4i2a0mg5,100,normal_low,order_3,10,laptop,2
577,pv3l5i63ct,1579231614,1579232366,752,5.53,correct,correct,1,r2c0aa3g2pehd7sr4nrgv5a5k0,100,normal_moderate,order_4,10,laptop,2
578,pprkdp413c,1579232010,1579233073,1063,2.84,correct,correct,1,v7i0ab489e22hhpmu2c1qf7dc1,99,uniform,order_2,10,desktop,2
579,pj1760fu4c,1579233168,1579234921,1753,4.1,correct,correct,1,4p25h5h4bkimov8bg41mbhvc72,99,uniform,order_2,10,laptop,2
580,pmbb4ihaqq,1579234231,1579235041,810,5.7,correct,correct,1,lg8mavh3m504nle1qqt68cq8d0,86,normal_low,order_2,10,laptop,2
581,pa5olp1dbo,1579234543,1579236762,2219,4.1,correct,correct,1,fok4ui5cbe1ap1egtvikqojdp5,98,normal_moderate,order_5,10,laptop,2
582,pbco11eit4,1579236489,1579237533,1044,5.65,correct,correct,1,bjs5pck66n680ll49iaknmlp85,100,normal_low,order_6,10,laptop,2
583,pdhbc9l5tn,1579237635,1579239117,1482,3.44,correct,correct,1,3iub9m1ojafhrbeh4b7mncf6b3,100,uniform,order_3,10,desktop,2
584,psrdl8aori,1579239457,1579240601,1144,6.44,correct,correct,1,b2u0pboeo44a2lqt9fhaa9okh7,100,normal_low,order_2,10,desktop,2
585,pkdnatrak8,1579241053,NA,NA,NA,NA,NA,NA,ioo6vj30nolrf34hldarmilir2,NA,normal_high,order_1,1,NA,NA
586,ps18945kqv,1579243729,1579244625,896,4.68,correct,correct,1,mav3i9mqcouqa5mp5k7ulkm1s7,100,normal_moderate,order_6,10,laptop,2
587,pj4r8cvdtp,1579258401,1579259802,1401,5.25,correct,correct,1,41oed2vev57dlvlrjrlk129ik7,100,normal_moderate,order_4,10,desktop,2
588,p3q3fkq30m,1579258728,1579259705,977,4,correct,correct,1,gm23mcimt43br12d25e5dfona4,100,normal_high,order_6,10,desktop,2
589,phrtkamo3f,1579258900,1579261330,2430,3,correct,correct,1,et28flaoe8pr7hc59949kkngo0,100,uniform,order_6,10,laptop,2
590,p0mcj2vt8d,1579260261,1579260906,645,2.02,correct,correct,1,rgrveh1v9li67gf0ffvcikk0o1,99,uniform,order_2,10,desktop,2
591,p8ik2tbej0,1579260685,1579261524,839,2.36,correct,correct,1,3bvku48qo063dkv6ecqrmcj962,99,normal_high,order_1,10,laptop,2
592,pc4pdiahcr,1579260764,1579262052,1288,6,correct,correct,1,u1555telb9ij3n4jhq0e2vtmf4,100,normal_low,order_5,10,desktop,2
593,plscdhacpo,1579260920,1579262264,1344,4.2,correct,correct,1,l0l8gja6duf1lfualncgufibb2,100,uniform,order_1,10,laptop,2
594,pou3s25ca6,1579261678,1579262717,1039,2.36,correct,correct,1,njhoruinle41e62osoegt6j4c5,100,normal_high,order_3,10,laptop,2
595,pqcolm7nku,1579264922,1579265712,790,6.63,correct,correct,1,bspqq5n0j49r81qjukk0e3iev2,100,normal_low,order_4,10,laptop,2
596,p3o147k232,1579265252,1579266243,991,4.94,correct,correct,1,feghoqe1f4hueqf4oco3d5l2a0,89,normal_high,order_2,10,laptop,2
597,pd23q0fgte,1579265792,1579266926,1134,3.25,correct,correct,1,gd5bdh8eulguqhgejafipesvh0,100,normal_moderate,order_1,10,desktop,2
598,pu16lfsq3f,1579266532,1579268212,1680,3.29,wrong,correct,1,4enfv4kdpiqu4os0a89ick2cf3,94,normal_high,order_1,10,desktop,1
599,pmbenial7q,1579267205,1579268163,958,6.15,correct,correct,1,tlpapvj8tr2s9t4pg1obcbjst2,90,normal_low,order_5,10,desktop,2
600,paclhntdh1,1579268112,1579268936,824,4.7,correct,correct,1,080q6k32j3dl87jasq9akmi5a2,100,normal_moderate,order_5,10,laptop,2
601,p3vt1b3vca,1579268195,1579269711,1516,6.6,correct,correct,1,t1trl9j1f0qsupe2f69vvrc814,97,normal_low,order_2,10,laptop,2
602,p7570t2ff2,1579270003,1579271762,1759,4.58,correct,correct,1,he3kv584qtt8kj6mg0jpo5b112,99,normal_high,order_1,10,laptop,2
603,paq2kafu1n,1579270107,1579272437,2330,5.09,correct,correct,1,ikv97q49jp9t46mkeehcaqml52,89,normal_high,order_4,10,laptop,2
604,p04ui3j1q7,1579270806,1579271499,693,3.2,correct,correct,1,osb0eba2b7vvvgh1off73lg7p3,100,uniform,order_4,10,desktop,2
605,p7gmau1mcf,1579271525,1579272278,753,5.02,correct,correct,1,b5ehjmvpvkpc72h7pg9qq81qi5,100,normal_moderate,order_3,10,desktop,2
606,puhvlqibhd,1579271755,1579272803,1048,4.01,correct,correct,1,74le318rc4fdba8s1a8r9goj32,96,uniform,order_6,10,desktop,2
607,pqun4lc6ns,1579271842,1579272692,850,3.86,correct,correct,1,gli8qp1o1m3i61cpn0bs9hplh7,93,uniform,order_3,10,laptop,2
608,plsjqbpirl,1579272699,1579274003,1304,2.46,correct,correct,1,118t0e74c7r3au8l43ughp5eo0,85,uniform,order_1,10,laptop,2
609,p432838i76,1579272768,1579275704,2936,6.58,correct,correct,1,kovo6vu7kvn9v1qvbrngdrq9b0,55,normal_low,order_5,10,laptop,2
610,pqbmp1svmo,1579274818,1579277124,2306,3.45,correct,correct,1,3gquar6jr2m745r0neugq0io87,99,uniform,order_1,10,laptop,2
611,pg6j97a0sq,1579276918,1579277769,851,4.3,correct,correct,1,5uv5qckoi6ud43n6ejsvr474v7,99,normal_moderate,order_6,10,laptop,2
612,pqtlp31nrj,1579278480,1579279349,869,3.58,correct,correct,1,522bj9jdddv1r2ltfaa49u2dg2,97,uniform,order_4,10,desktop,2
613,pi1sdprr1i,1579279614,1579280903,1289,4,correct,correct,1,lsst16inujkj601tf9vcrcqr27,92,normal_moderate,order_4,10,laptop,2
614,psdf2gfqu8,1579279748,1579280864,1116,4.58,correct,correct,1,mlkb7gb2oe9umdb9o0pgj5l820,99,normal_high,order_5,10,laptop,2
615,p98fpfcnb4,1579279813,1579280665,852,5.1,correct,correct,1,1q3ttduro9hshnjo7q68onj917,99,normal_low,order_2,10,laptop,2
616,pqalrlsbvk,1579281633,1579282852,1219,4.51,correct,correct,1,noutf4o5o2krgofc05p4gcrad3,94,normal_moderate,order_3,10,desktop,2
617,p5p6mjstr7,1579282345,1579283901,1556,5.6,correct,correct,1,19ve3i2de1a7emjql8s8amktu6,84,normal_low,order_3,10,desktop,2
618,pop9g8irlg,1579283005,1579284431,1426,5.76,correct,correct,1,494cd8269742n9d64j6rlc07j6,100,normal_low,order_5,10,laptop,2
619,pt9l8b5q5k,1579287468,NA,NA,NA,correct,correct,NA,glcarl6neheekkdpv2pd00rj66,NA,normal_high,order_6,7,NA,NA
620,p700des83a,1579288288,1579290410,2122,4.1,correct,correct,1,0hjpllvbpp3nbrbuleb65mvv82,99,uniform,order_4,10,laptop,2
621,phah58s55i,1579292506,1579294046,1540,6.75,correct,correct,1,tlhrmh7pdrqp1iedd02s5bpi43,100,normal_low,order_2,10,laptop,2
622,pbojb1queb,1579292686,1579293632,946,4.87,correct,correct,1,8il1v6qmk5jhifv632bhhvue71,63,normal_moderate,order_2,10,laptop,2
623,pkabshp1ui,1579293511,1579296029,2518,5.48,correct,correct,1,rq377d81cftogueaddnebnkuk7,77,normal_low,order_3,10,laptop,2
624,pmlq0r2ik4,1579295095,1579296537,1442,2.7,correct,correct,1,arnls06rtk8v31mhcn6g1hqo22,98,uniform,order_4,10,tablet,2
625,pu83bckhgb,1579304440,1579305503,1063,3.72,correct,correct,1,hmer7ap9k5oarru2kbd39u0re0,100,uniform,order_6,10,laptop,2
626,prkebjesm6,1579306931,1579307579,648,4.23,correct,correct,1,m3t0nnru0ol067ct9e9eqsmli3,91,normal_high,order_1,10,laptop,2
627,pqpc74uav4,1579307704,1579309633,1929,4.93,correct,correct,1,2gqpfpblre8aj745sfah2m0ip7,87,normal_moderate,order_3,10,laptop,2
628,p5cnnpklm4,1579309202,1579310250,1048,4.27,correct,correct,1,g7s8a4624n8slampp152dm19u3,100,normal_high,order_4,10,laptop,2
629,pnqtg97b9m,1579310246,1579311131,885,4.1,correct,correct,1,fb6gq9u9h9e9q4pscktmfl6qu4,91,normal_high,order_5,10,laptop,2
630,p15804ujqf,1579310483,1579312245,1762,5.88,correct,correct,1,8qlos6krr2kldf862eah3d2i32,100,normal_low,order_2,10,desktop,2
631,pvnfka380e,1579312634,1579313668,1034,5.07,correct,correct,1,mne3drh0io9ctbos1mmf16gam1,100,uniform,order_1,10,desktop,2
632,p6pl41t848,1579315388,1579317820,2432,5,correct,correct,1,r511jks2dq3m1c758ibtuev2d1,100,normal_moderate,order_5,10,desktop,2
633,pphqf8mdu1,1579315670,1579316701,1031,6.1,correct,correct,1,uj33ridlmh2m31q704jn3v8br5,100,normal_low,order_1,10,laptop,2
634,pv8t0tgtp6,1579316421,1579317264,843,3.38,correct,correct,1,mm1deib2vouqqvpdu6ko8es7l6,100,uniform,order_4,10,laptop,2
635,pb0ma36n3b,1579316731,1579317999,1268,4.55,correct,correct,1,8fjtoq5jeqb25g0ebd0pnda3n3,100,normal_high,order_3,10,desktop,2
636,pj20htic1l,1579318574,1579320623,2049,4.79,correct,correct,1,2cc7hp89sv1c0f1intrl89t4d7,100,normal_high,order_3,10,laptop,2
637,pdj0bf7emh,1579320568,1579321579,1011,4.51,correct,correct,1,ugmu6fanp7s4p2ej70osgcgn91,100,normal_moderate,order_6,10,desktop,2
638,pjhj0668a3,1579321260,1579321851,591,3.54,correct,correct,1,ubitf33silhqbe85m02cq75ct1,75,uniform,order_2,10,laptop,2
639,p1rb89gffh,1579332118,1579333983,1865,2.93,correct,correct,1,5gl9pk3ha7kn5b3aeph91n99r3,100,uniform,order_4,10,laptop,2
640,pvnaem4369,1579334978,1579335925,947,3.5,correct,correct,1,bkjc1atbl23bc6si8e91dq77l5,100,normal_high,order_2,10,desktop,2
641,p8a9mskqna,1579339660,1579340239,579,2.33,correct,correct,1,j51jigk2mdjke2i85geq6jeii3,100,normal_moderate,order_2,10,laptop,2
642,ppnqdk6dl2,1579344404,1579345084,680,2.75,correct,correct,1,fdnbo05qp3t2qes39gsr8iqfp3,92,uniform,order_6,10,laptop,2
643,p626941p7g,1579346534,1579347414,880,3.63,correct,correct,1,d8633eapbupomeqj74kjgjfqq3,100,normal_high,order_2,10,laptop,2
644,pijp53cd5t,1579349857,1579350757,900,4.25,correct,correct,1,flk2c56kck8oak8f5tsn9van96,89,uniform,order_3,10,desktop,2
645,pbeiqan84l,1579355311,1579356509,1198,4.37,correct,correct,1,3mj5gqiuso6ca1858q6qc6dtp0,100,uniform,order_5,10,laptop,2
646,pqdlmj9p6q,1579357173,1579357930,757,3.62,correct,correct,1,31m7l7qr427ako0cd5l6seibm6,100,normal_high,order_6,10,laptop,2
647,pslauj167o,1579357481,1579358101,620,3.48,correct,correct,1,4m77l8s823u90fve3s89h5eig7,99,normal_high,order_4,10,laptop,2
648,p9149gqh2m,1579363111,1579363995,884,4.05,correct,correct,1,qdi1lka64bhm87jttpdf671u94,100,normal_moderate,order_4,10,laptop,2
649,p4enb4d7f3,1579363183,1579364974,1791,3.78,correct,correct,1,c3j0le8up5ahpvilr0vghgfsj5,96,normal_high,order_4,10,laptop,2
650,pjf0u4cjc1,1579364039,1579364906,867,6.25,correct,correct,1,ej5crbfia0np2csm2t0gapllm2,97,normal_low,order_2,10,laptop,2
651,pj0v6fjsgs,1579369086,1579370292,1206,2,correct,correct,1,g9ug1gku2psabicc7nsic3k100,100,normal_moderate,order_6,10,laptop,2
652,p4sjeoeibp,1579367977,1579370542,2565,4.16,correct,correct,1,fpuma9jebearbmg8ouu6msumo2,99,normal_moderate,order_1,10,laptop,2
653,phdvocqtdh,1579370439,1579372152,1713,5.63,correct,correct,1,14v2t8bfq3bgs4p387er4nvcq5,100,normal_low,order_4,10,laptop,2
654,pl8g479c6u,1579371408,1579372544,1136,4.37,correct,correct,1,fj3722mphse8aqj19lk9pd1sj1,100,uniform,order_1,10,laptop,2
655,p9lpn5p0ki,1579378189,1579379424,1235,4.83,correct,correct,1,a9trcmq1jmjustbn4s7aqt8c36,100,normal_moderate,order_2,10,laptop,2
656,pm7t55ktr5,1579384357,1579385860,1503,6.03,correct,correct,1,7oo2matk8gobhq8os2i2l7pd75,0,normal_low,order_5,10,laptop,2
657,pcv3124ion,1579386853,1579387540,687,3.11,correct,correct,1,ihetdlu8pkqp5l823a3lkgamq5,100,uniform,order_2,10,desktop,2
658,p40cfmlag1,1579387506,1579388065,559,5.27,correct,correct,1,kascq2i9m00tnufgrc19hb6ir2,95,normal_moderate,order_6,10,laptop,2
659,po3mfhkndv,1579388942,1579390012,1070,4.93,correct,correct,1,t7rru4ng6gee42k2hlif54idd0,88,normal_moderate,order_6,10,laptop,2
660,ppnpjt6crj,1579392454,1579393261,807,5.01,correct,correct,1,pn8asq50ut32dpr1d4leotrum6,100,normal_moderate,order_2,10,desktop,2
661,p87cpp7u2c,1579397641,1579398629,988,5.07,correct,correct,1,8il682md3a0m128acpki53env6,69,normal_high,order_4,10,desktop,2
662,pmp32ppshu,1579401506,1579402393,887,4.36,correct,correct,1,i75h11q6n9i0596r14hd1cm3o0,100,normal_moderate,order_4,10,laptop,2
663,pm4fegvie9,1579402264,1579403809,1545,4.5,correct,correct,1,cbjc6pfghbj2jqolrk7bt6iqg3,93,normal_moderate,order_3,10,laptop,2
664,ph6r2htltu,1579410624,1579411511,887,3.05,correct,correct,1,3f0dtguhefk62n432du6l5klp3,94,normal_moderate,order_2,10,laptop,2
665,pf81lmfh56,1579412040,1579412848,808,5.11,correct,correct,1,vhrdfvfhplbm4n7688bvq1lgh5,95,normal_low,order_4,10,laptop,2
666,pio6r28ti6,1579416733,1579418944,2211,5.04,correct,correct,1,qqgsivdm9d7jgub5nrmjot1qo2,100,normal_high,order_4,10,laptop,2
667,pta6ef8taf,1579441877,1579443656,1779,6.1,correct,correct,1,kktp8cpht5os2v68lul2a2r151,98,normal_low,order_6,10,desktop,2
668,pn9ca295d0,1579445822,1579446539,717,5.37,correct,correct,1,egulqc7jt131l3h4bmhojrgo81,100,normal_high,order_5,10,desktop,2
669,pt5t90knuc,1579484987,NA,NA,NA,NA,NA,NA,h3uv4oo82936mgbie7qs74mcs0,NA,normal_high,order_4,1,NA,NA
670,pfakkf3lof,1579493885,1579496437,2552,4.26,correct,correct,1,opbq1m8dgrunjj730v1jopvpg1,98,normal_high,order_2,10,laptop,2
671,p8ukfi8ilj,1579498995,1579499730,735,3.02,correct,correct,1,jpoc1aef3fu8bo451f7ovdd395,100,uniform,order_4,10,laptop,2
