id,"partid","session","color",type,number_of_clicks,exploded,trial,payoff
1,"ki35r2boc","ki35r2boc11ro0vtfjqvsu6l61","blue",64,12,0,2,12.0000
2,"ki35r2boc","ki35r2boc11ro0vtfjqvsu6l61","blue",64,8,1,3,0.0000
3,"ki35r2boc","ki35r2boc11ro0vtfjqvsu6l61","blue",64,6,1,4,0.0000
4,"ki35r2boc","ki35r2boc11ro0vtfjqvsu6l61","blue",64,7,0,5,7.0000
5,"ki35r2boc","ki35r2boc11ro0vtfjqvsu6l61","blue",64,9,0,6,9.0000
6,"ki35r2boc","ki35r2boc11ro0vtfjqvsu6l61","blue",64,6,0,7,6.0000
7,"ki35r2boc","ki35r2boc11ro0vtfjqvsu6l61","blue",64,10,0,8,10.0000
8,"ki35r2boc","ki35r2boc11ro0vtfjqvsu6l61","blue",64,7,0,9,7.0000
9,"ki35r2boc","ki35r2boc11ro0vtfjqvsu6l61","blue",64,9,0,10,9.0000
10,"ki35r2boc","ki35r2boc11ro0vtfjqvsu6l61","blue",64,10,1,11,0.0000
11,"ki35r2boc","ki35r2boc11ro0vtfjqvsu6l61","blue",64,8,0,12,8.0000
12,"ki35r2boc","ki35r2boc11ro0vtfjqvsu6l61","blue",64,7,0,13,7.0000
13,"ki35r2boc","ki35r2boc11ro0vtfjqvsu6l61","blue",64,8,0,14,8.0000
14,"ki35r2boc","ki35r2boc11ro0vtfjqvsu6l61","blue",64,8,0,15,8.0000
15,"ki35r2boc","ki35r2boc11ro0vtfjqvsu6l61","blue",64,7,0,16,7.0000
16,"ki35r2boc","ki35r2boc11ro0vtfjqvsu6l61","blue",64,8,0,17,8.0000
17,"ki35r2boc","ki35r2boc11ro0vtfjqvsu6l61","blue",64,9,0,18,9.0000
18,"ki35r2boc","ki35r2boc11ro0vtfjqvsu6l61","blue",64,9,0,19,9.0000
19,"ki35r2boc","ki35r2boc11ro0vtfjqvsu6l61","blue",64,5,1,20,0.0000
20,"ki35r2boc","ki35r2boc11ro0vtfjqvsu6l61","blue",64,6,0,21,6.0000
21,"ki35r2boc","ki35r2boc11ro0vtfjqvsu6l61","blue",64,8,0,22,8.0000
22,"ki35r2boc","ki35r2boc11ro0vtfjqvsu6l61","blue",64,9,0,23,9.0000
23,"ki35r2boc","ki35r2boc11ro0vtfjqvsu6l61","blue",64,9,0,24,9.0000
24,"ki35r2boc","ki35r2boc11ro0vtfjqvsu6l61","blue",64,10,0,25,10.0000
25,"ki35r2boc","ki35r2boc11ro0vtfjqvsu6l61","blue",64,10,0,26,10.0000
26,"ki35r2boc","ki35r2boc11ro0vtfjqvsu6l61","blue",64,8,0,27,8.0000
27,"ki35r2boc","ki35r2boc11ro0vtfjqvsu6l61","blue",64,9,0,28,9.0000
28,"ki35r2boc","ki35r2boc11ro0vtfjqvsu6l61","blue",64,9,0,29,9.0000
29,"ki35r2boc","ki35r2boc11ro0vtfjqvsu6l61","blue",64,4,1,30,0.0000
30,"ujpjbqpp3","ujpjbqpp3uisfvu87vrdrdasg0","blue",64,10,0,1,10.0000
31,"ujpjbqpp3","ujpjbqpp3uisfvu87vrdrdasg0","blue",64,14,0,2,14.0000
32,"ujpjbqpp3","ujpjbqpp3uisfvu87vrdrdasg0","blue",64,8,1,3,0.0000
33,"ujpjbqpp3","ujpjbqpp3uisfvu87vrdrdasg0","blue",64,6,1,4,0.0000
34,"ujpjbqpp3","ujpjbqpp3uisfvu87vrdrdasg0","blue",64,10,0,5,10.0000
35,"ujpjbqpp3","ujpjbqpp3uisfvu87vrdrdasg0","blue",64,10,0,6,10.0000
36,"ujpjbqpp3","ujpjbqpp3uisfvu87vrdrdasg0","blue",64,10,0,7,10.0000
37,"ujpjbqpp3","ujpjbqpp3uisfvu87vrdrdasg0","blue",64,10,0,8,10.0000
38,"ujpjbqpp3","ujpjbqpp3uisfvu87vrdrdasg0","blue",64,10,0,9,10.0000
39,"ujpjbqpp3","ujpjbqpp3uisfvu87vrdrdasg0","blue",64,14,0,10,14.0000
40,"ujpjbqpp3","ujpjbqpp3uisfvu87vrdrdasg0","blue",64,10,1,11,0.0000
41,"ujpjbqpp3","ujpjbqpp3uisfvu87vrdrdasg0","blue",64,10,0,12,10.0000
42,"ujpjbqpp3","ujpjbqpp3uisfvu87vrdrdasg0","blue",64,7,0,14,7.0000
43,"ujpjbqpp3","ujpjbqpp3uisfvu87vrdrdasg0","blue",64,10,0,15,10.0000
44,"ujpjbqpp3","ujpjbqpp3uisfvu87vrdrdasg0","blue",64,11,0,16,11.0000
45,"ujpjbqpp3","ujpjbqpp3uisfvu87vrdrdasg0","blue",64,10,0,17,10.0000
46,"ujpjbqpp3","ujpjbqpp3uisfvu87vrdrdasg0","blue",64,10,0,18,10.0000
47,"ujpjbqpp3","ujpjbqpp3uisfvu87vrdrdasg0","blue",64,10,0,19,10.0000
48,"ujpjbqpp3","ujpjbqpp3uisfvu87vrdrdasg0","blue",64,5,1,20,0.0000
49,"ujpjbqpp3","ujpjbqpp3uisfvu87vrdrdasg0","blue",64,10,0,21,10.0000
50,"ujpjbqpp3","ujpjbqpp3uisfvu87vrdrdasg0","blue",64,10,0,22,10.0000
51,"ujpjbqpp3","ujpjbqpp3uisfvu87vrdrdasg0","blue",64,10,0,23,10.0000
52,"ujpjbqpp3","ujpjbqpp3uisfvu87vrdrdasg0","blue",64,11,0,24,11.0000
53,"ujpjbqpp3","ujpjbqpp3uisfvu87vrdrdasg0","blue",64,10,0,25,10.0000
54,"ujpjbqpp3","ujpjbqpp3uisfvu87vrdrdasg0","blue",64,10,0,26,10.0000
55,"ujpjbqpp3","ujpjbqpp3uisfvu87vrdrdasg0","blue",64,10,0,27,10.0000
56,"ujpjbqpp3","ujpjbqpp3uisfvu87vrdrdasg0","blue",64,12,0,28,12.0000
57,"ujpjbqpp3","ujpjbqpp3uisfvu87vrdrdasg0","blue",64,13,0,29,13.0000
58,"ujpjbqpp3","ujpjbqpp3uisfvu87vrdrdasg0","blue",64,4,1,30,0.0000
59,"7jb97qdob","7jb97qdobtr6n3spml62j2j2n4","blue",64,17,1,1,0.0000
60,"7jb97qdob","7jb97qdobtr6n3spml62j2j2n4","blue",64,19,0,2,19.0000
61,"7jb97qdob","7jb97qdobtr6n3spml62j2j2n4","blue",64,8,1,3,0.0000
62,"7jb97qdob","7jb97qdobtr6n3spml62j2j2n4","blue",64,6,1,4,0.0000
63,"7jb97qdob","7jb97qdobtr6n3spml62j2j2n4","blue",64,7,0,5,7.0000
64,"7jb97qdob","7jb97qdobtr6n3spml62j2j2n4","blue",64,17,0,6,17.0000
65,"7jb97qdob","7jb97qdobtr6n3spml62j2j2n4","blue",64,12,0,7,12.0000
66,"7jb97qdob","7jb97qdobtr6n3spml62j2j2n4","blue",64,12,1,8,0.0000
67,"7jb97qdob","7jb97qdobtr6n3spml62j2j2n4","blue",64,11,0,9,11.0000
68,"7jb97qdob","7jb97qdobtr6n3spml62j2j2n4","blue",64,15,0,10,15.0000
69,"7jb97qdob","7jb97qdobtr6n3spml62j2j2n4","blue",64,10,1,11,0.0000
70,"7jb97qdob","7jb97qdobtr6n3spml62j2j2n4","blue",64,16,0,12,16.0000
71,"7jb97qdob","7jb97qdobtr6n3spml62j2j2n4","blue",64,13,0,13,13.0000
72,"7jb97qdob","7jb97qdobtr6n3spml62j2j2n4","blue",64,20,0,14,20.0000
73,"7jb97qdob","7jb97qdobtr6n3spml62j2j2n4","blue",64,15,0,15,15.0000
74,"7jb97qdob","7jb97qdobtr6n3spml62j2j2n4","blue",64,20,0,16,20.0000
75,"7jb97qdob","7jb97qdobtr6n3spml62j2j2n4","blue",64,18,1,17,0.0000
76,"7jb97qdob","7jb97qdobtr6n3spml62j2j2n4","blue",64,20,0,18,20.0000
77,"7jb97qdob","7jb97qdobtr6n3spml62j2j2n4","blue",64,16,0,19,16.0000
78,"7jb97qdob","7jb97qdobtr6n3spml62j2j2n4","blue",64,5,1,20,0.0000
79,"7jb97qdob","7jb97qdobtr6n3spml62j2j2n4","blue",64,13,1,21,0.0000
80,"7jb97qdob","7jb97qdobtr6n3spml62j2j2n4","blue",64,15,0,22,15.0000
81,"7jb97qdob","7jb97qdobtr6n3spml62j2j2n4","blue",64,24,0,23,24.0000
82,"7jb97qdob","7jb97qdobtr6n3spml62j2j2n4","blue",64,26,0,24,26.0000
83,"7jb97qdob","7jb97qdobtr6n3spml62j2j2n4","blue",64,11,1,25,0.0000
84,"7jb97qdob","7jb97qdobtr6n3spml62j2j2n4","blue",64,14,1,26,0.0000
85,"7jb97qdob","7jb97qdobtr6n3spml62j2j2n4","blue",64,20,0,27,20.0000
86,"7jb97qdob","7jb97qdobtr6n3spml62j2j2n4","blue",64,14,0,28,14.0000
87,"7jb97qdob","7jb97qdobtr6n3spml62j2j2n4","blue",64,25,0,29,25.0000
88,"7jb97qdob","7jb97qdobtr6n3spml62j2j2n4","blue",64,4,1,30,0.0000
89,"cnfe9eclj","cnfe9eclj5049q634ch3de6go0","blue",64,17,1,1,0.0000
90,"cnfe9eclj","cnfe9eclj5049q634ch3de6go0","blue",64,8,0,2,8.0000
91,"cnfe9eclj","cnfe9eclj5049q634ch3de6go0","blue",64,8,1,3,0.0000
92,"cnfe9eclj","cnfe9eclj5049q634ch3de6go0","blue",64,6,1,4,0.0000
93,"cnfe9eclj","cnfe9eclj5049q634ch3de6go0","blue",64,6,0,5,6.0000
94,"cnfe9eclj","cnfe9eclj5049q634ch3de6go0","blue",64,5,0,6,5.0000
95,"cnfe9eclj","cnfe9eclj5049q634ch3de6go0","blue",64,5,0,7,5.0000
96,"cnfe9eclj","cnfe9eclj5049q634ch3de6go0","blue",64,6,0,8,6.0000
97,"cnfe9eclj","cnfe9eclj5049q634ch3de6go0","blue",64,6,0,9,6.0000
98,"cnfe9eclj","cnfe9eclj5049q634ch3de6go0","blue",64,8,0,10,8.0000
99,"cnfe9eclj","cnfe9eclj5049q634ch3de6go0","blue",64,8,0,11,8.0000
100,"cnfe9eclj","cnfe9eclj5049q634ch3de6go0","blue",64,9,0,12,9.0000
101,"cnfe9eclj","cnfe9eclj5049q634ch3de6go0","blue",64,10,0,13,10.0000
102,"cnfe9eclj","cnfe9eclj5049q634ch3de6go0","blue",64,10,0,14,10.0000
103,"cnfe9eclj","cnfe9eclj5049q634ch3de6go0","blue",64,11,0,15,11.0000
104,"cnfe9eclj","cnfe9eclj5049q634ch3de6go0","blue",64,10,0,16,10.0000
105,"cnfe9eclj","cnfe9eclj5049q634ch3de6go0","blue",64,13,0,17,13.0000
106,"cnfe9eclj","cnfe9eclj5049q634ch3de6go0","blue",64,10,0,18,10.0000
107,"ik2ur5lpn","ik2ur5lpnbq0lfd4h7h99k2sg3","blue",64,17,1,1,0.0000
108,"cnfe9eclj","cnfe9eclj5049q634ch3de6go0","blue",64,10,0,19,10.0000
109,"cnfe9eclj","cnfe9eclj5049q634ch3de6go0","blue",64,5,1,20,0.0000
110,"ik2ur5lpn","ik2ur5lpnbq0lfd4h7h99k2sg3","blue",64,9,0,2,9.0000
111,"ik2ur5lpn","ik2ur5lpnbq0lfd4h7h99k2sg3","blue",64,8,1,3,0.0000
112,"cnfe9eclj","cnfe9eclj5049q634ch3de6go0","blue",64,10,0,21,10.0000
113,"ik2ur5lpn","ik2ur5lpnbq0lfd4h7h99k2sg3","blue",64,6,1,4,0.0000
114,"cnfe9eclj","cnfe9eclj5049q634ch3de6go0","blue",64,10,0,22,10.0000
115,"ik2ur5lpn","ik2ur5lpnbq0lfd4h7h99k2sg3","blue",64,6,0,5,6.0000
116,"ik2ur5lpn","ik2ur5lpnbq0lfd4h7h99k2sg3","blue",64,9,0,6,9.0000
117,"ik2ur5lpn","ik2ur5lpnbq0lfd4h7h99k2sg3","blue",64,25,0,7,25.0000
118,"ik2ur5lpn","ik2ur5lpnbq0lfd4h7h99k2sg3","blue",64,12,1,8,0.0000
119,"ik2ur5lpn","ik2ur5lpnbq0lfd4h7h99k2sg3","blue",64,10,0,9,10.0000
120,"ik2ur5lpn","ik2ur5lpnbq0lfd4h7h99k2sg3","blue",64,38,1,10,0.0000
121,"ik2ur5lpn","ik2ur5lpnbq0lfd4h7h99k2sg3","blue",64,10,1,11,0.0000
122,"ik2ur5lpn","ik2ur5lpnbq0lfd4h7h99k2sg3","blue",64,29,0,12,29.0000
123,"ik2ur5lpn","ik2ur5lpnbq0lfd4h7h99k2sg3","blue",64,30,0,13,30.0000
124,"ik2ur5lpn","ik2ur5lpnbq0lfd4h7h99k2sg3","blue",64,30,0,14,30.0000
125,"ik2ur5lpn","ik2ur5lpnbq0lfd4h7h99k2sg3","blue",64,30,0,15,30.0000
126,"ik2ur5lpn","ik2ur5lpnbq0lfd4h7h99k2sg3","blue",64,35,0,16,35.0000
127,"ik2ur5lpn","ik2ur5lpnbq0lfd4h7h99k2sg3","blue",64,18,1,17,0.0000
128,"6afs8711b","6afs8711bn9rog8leqmrai8he7","blue",64,17,1,1,0.0000
129,"ik2ur5lpn","ik2ur5lpnbq0lfd4h7h99k2sg3","blue",64,30,0,18,30.0000
130,"6afs8711b","6afs8711bn9rog8leqmrai8he7","blue",64,15,0,2,15.0000
131,"6afs8711b","6afs8711bn9rog8leqmrai8he7","blue",64,8,1,3,0.0000
132,"6afs8711b","6afs8711bn9rog8leqmrai8he7","blue",64,6,1,4,0.0000
133,"6afs8711b","6afs8711bn9rog8leqmrai8he7","blue",64,18,0,5,18.0000
134,"ik2ur5lpn","ik2ur5lpnbq0lfd4h7h99k2sg3","blue",64,27,0,19,27.0000
135,"ik2ur5lpn","ik2ur5lpnbq0lfd4h7h99k2sg3","blue",64,5,1,20,0.0000
136,"6afs8711b","6afs8711bn9rog8leqmrai8he7","blue",64,20,0,6,20.0000
137,"ik2ur5lpn","ik2ur5lpnbq0lfd4h7h99k2sg3","blue",64,13,1,21,0.0000
138,"ik2ur5lpn","ik2ur5lpnbq0lfd4h7h99k2sg3","blue",64,30,0,22,30.0000
139,"ik2ur5lpn","ik2ur5lpnbq0lfd4h7h99k2sg3","blue",64,29,0,23,29.0000
140,"ik2ur5lpn","ik2ur5lpnbq0lfd4h7h99k2sg3","blue",64,30,0,24,30.0000
141,"6afs8711b","6afs8711bn9rog8leqmrai8he7","blue",64,25,0,7,25.0000
142,"triuerqf6","triuerqf6atvbi950tr5ejion3","blue",64,17,1,1,0.0000
143,"triuerqf6","triuerqf6atvbi950tr5ejion3","blue",64,15,0,2,15.0000
144,"6afs8711b","6afs8711bn9rog8leqmrai8he7","blue",64,12,1,8,0.0000
145,"triuerqf6","triuerqf6atvbi950tr5ejion3","blue",64,8,1,3,0.0000
146,"triuerqf6","triuerqf6atvbi950tr5ejion3","blue",64,6,1,4,0.0000
147,"6afs8711b","6afs8711bn9rog8leqmrai8he7","blue",64,20,0,9,20.0000
148,"triuerqf6","triuerqf6atvbi950tr5ejion3","blue",64,12,0,5,12.0000
149,"ik2ur5lpn","ik2ur5lpnbq0lfd4h7h99k2sg3","blue",64,11,1,25,0.0000
150,"triuerqf6","triuerqf6atvbi950tr5ejion3","blue",64,19,0,6,19.0000
151,"ik2ur5lpn","ik2ur5lpnbq0lfd4h7h99k2sg3","blue",64,14,1,26,0.0000
152,"6afs8711b","6afs8711bn9rog8leqmrai8he7","blue",64,23,0,10,23.0000
153,"ik2ur5lpn","ik2ur5lpnbq0lfd4h7h99k2sg3","blue",64,26,1,27,0.0000
154,"6afs8711b","6afs8711bn9rog8leqmrai8he7","blue",64,10,1,11,0.0000
155,"ik2ur5lpn","ik2ur5lpnbq0lfd4h7h99k2sg3","blue",64,25,0,28,25.0000
156,"ik2ur5lpn","ik2ur5lpnbq0lfd4h7h99k2sg3","blue",64,28,0,29,28.0000
157,"6afs8711b","6afs8711bn9rog8leqmrai8he7","blue",64,20,0,12,20.0000
158,"ik2ur5lpn","ik2ur5lpnbq0lfd4h7h99k2sg3","blue",64,4,1,30,0.0000
159,"triuerqf6","triuerqf6atvbi950tr5ejion3","blue",64,29,0,7,29.0000
160,"6afs8711b","6afs8711bn9rog8leqmrai8he7","blue",64,19,0,13,19.0000
161,"6afs8711b","6afs8711bn9rog8leqmrai8he7","blue",64,33,1,14,0.0000
162,"triuerqf6","triuerqf6atvbi950tr5ejion3","blue",64,12,1,8,0.0000
163,"6afs8711b","6afs8711bn9rog8leqmrai8he7","blue",64,23,0,15,23.0000
164,"triuerqf6","triuerqf6atvbi950tr5ejion3","blue",64,15,0,9,15.0000
165,"triuerqf6","triuerqf6atvbi950tr5ejion3","blue",64,29,0,10,29.0000
166,"triuerqf6","triuerqf6atvbi950tr5ejion3","blue",64,10,1,11,0.0000
167,"triuerqf6","triuerqf6atvbi950tr5ejion3","blue",64,24,0,12,24.0000
168,"triuerqf6","triuerqf6atvbi950tr5ejion3","blue",64,24,0,14,24.0000
169,"triuerqf6","triuerqf6atvbi950tr5ejion3","blue",64,28,0,15,28.0000
170,"6afs8711b","6afs8711bn9rog8leqmrai8he7","blue",64,23,0,16,23.0000
171,"6afs8711b","6afs8711bn9rog8leqmrai8he7","blue",64,18,1,17,0.0000
172,"triuerqf6","triuerqf6atvbi950tr5ejion3","blue",64,29,0,16,29.0000
173,"triuerqf6","triuerqf6atvbi950tr5ejion3","blue",64,18,1,17,0.0000
174,"triuerqf6","triuerqf6atvbi950tr5ejion3","blue",64,19,0,18,19.0000
175,"6afs8711b","6afs8711bn9rog8leqmrai8he7","blue",64,21,0,18,21.0000
176,"triuerqf6","triuerqf6atvbi950tr5ejion3","blue",64,26,0,19,26.0000
177,"triuerqf6","triuerqf6atvbi950tr5ejion3","blue",64,5,1,20,0.0000
178,"triuerqf6","triuerqf6atvbi950tr5ejion3","blue",64,13,1,21,0.0000
179,"triuerqf6","triuerqf6atvbi950tr5ejion3","blue",64,33,0,22,33.0000
180,"6afs8711b","6afs8711bn9rog8leqmrai8he7","blue",64,29,0,19,29.0000
181,"triuerqf6","triuerqf6atvbi950tr5ejion3","blue",64,29,0,23,29.0000
182,"6afs8711b","6afs8711bn9rog8leqmrai8he7","blue",64,5,1,20,0.0000
183,"triuerqf6","triuerqf6atvbi950tr5ejion3","blue",64,31,0,24,31.0000
184,"6afs8711b","6afs8711bn9rog8leqmrai8he7","blue",64,13,1,21,0.0000
185,"6afs8711b","6afs8711bn9rog8leqmrai8he7","blue",64,12,0,22,12.0000
186,"6afs8711b","6afs8711bn9rog8leqmrai8he7","blue",64,24,0,23,24.0000
187,"triuerqf6","triuerqf6atvbi950tr5ejion3","blue",64,11,1,25,0.0000
188,"6afs8711b","6afs8711bn9rog8leqmrai8he7","blue",64,21,0,24,21.0000
189,"triuerqf6","triuerqf6atvbi950tr5ejion3","blue",64,14,1,26,0.0000
190,"triuerqf6","triuerqf6atvbi950tr5ejion3","blue",64,26,1,27,0.0000
191,"triuerqf6","triuerqf6atvbi950tr5ejion3","blue",64,31,0,28,31.0000
192,"triuerqf6","triuerqf6atvbi950tr5ejion3","blue",64,31,0,29,31.0000
193,"triuerqf6","triuerqf6atvbi950tr5ejion3","blue",64,4,1,30,0.0000
194,"6afs8711b","6afs8711bn9rog8leqmrai8he7","blue",64,11,1,25,0.0000
195,"6afs8711b","6afs8711bn9rog8leqmrai8he7","blue",64,14,1,26,0.0000
196,"6afs8711b","6afs8711bn9rog8leqmrai8he7","blue",64,9,0,27,9.0000
197,"6afs8711b","6afs8711bn9rog8leqmrai8he7","blue",64,24,0,28,24.0000
198,"6afs8711b","6afs8711bn9rog8leqmrai8he7","blue",64,22,0,29,22.0000
199,"6afs8711b","6afs8711bn9rog8leqmrai8he7","blue",64,4,1,30,0.0000
200,"1ov5hag2l","1ov5hag2lud8391tdu5qd7ege5","blue",64,17,1,1,0.0000
201,"1ov5hag2l","1ov5hag2lud8391tdu5qd7ege5","blue",64,8,0,2,8.0000
202,"1ov5hag2l","1ov5hag2lud8391tdu5qd7ege5","blue",64,8,1,3,0.0000
203,"1ov5hag2l","1ov5hag2lud8391tdu5qd7ege5","blue",64,6,1,4,0.0000
204,"1ov5hag2l","1ov5hag2lud8391tdu5qd7ege5","blue",64,7,0,5,7.0000
205,"1ov5hag2l","1ov5hag2lud8391tdu5qd7ege5","blue",64,9,0,6,9.0000
206,"1ov5hag2l","1ov5hag2lud8391tdu5qd7ege5","blue",64,11,0,7,11.0000
207,"1ov5hag2l","1ov5hag2lud8391tdu5qd7ege5","blue",64,12,1,8,0.0000
208,"1ov5hag2l","1ov5hag2lud8391tdu5qd7ege5","blue",64,18,0,9,18.0000
209,"1ov5hag2l","1ov5hag2lud8391tdu5qd7ege5","blue",64,15,0,10,15.0000
210,"1ov5hag2l","1ov5hag2lud8391tdu5qd7ege5","blue",64,10,1,11,0.0000
211,"1ov5hag2l","1ov5hag2lud8391tdu5qd7ege5","blue",64,15,0,12,15.0000
212,"1ov5hag2l","1ov5hag2lud8391tdu5qd7ege5","blue",64,30,0,14,30.0000
213,"1ov5hag2l","1ov5hag2lud8391tdu5qd7ege5","blue",64,33,1,14,0.0000
214,"1ov5hag2l","1ov5hag2lud8391tdu5qd7ege5","blue",64,30,0,15,30.0000
215,"1ov5hag2l","1ov5hag2lud8391tdu5qd7ege5","blue",64,30,0,16,30.0000
216,"1ov5hag2l","1ov5hag2lud8391tdu5qd7ege5","blue",64,18,1,17,0.0000
217,"1ov5hag2l","1ov5hag2lud8391tdu5qd7ege5","blue",64,32,1,18,0.0000
218,"1ov5hag2l","1ov5hag2lud8391tdu5qd7ege5","blue",64,40,0,19,40.0000
219,"1ov5hag2l","1ov5hag2lud8391tdu5qd7ege5","blue",64,5,1,20,0.0000
220,"1ov5hag2l","1ov5hag2lud8391tdu5qd7ege5","blue",64,13,1,21,0.0000
221,"1ov5hag2l","1ov5hag2lud8391tdu5qd7ege5","blue",64,17,0,22,17.0000
222,"1ov5hag2l","1ov5hag2lud8391tdu5qd7ege5","blue",64,27,0,23,27.0000
223,"1ov5hag2l","1ov5hag2lud8391tdu5qd7ege5","blue",64,48,0,24,48.0000
224,"1ov5hag2l","1ov5hag2lud8391tdu5qd7ege5","blue",64,11,1,26,0.0000
225,"1ov5hag2l","1ov5hag2lud8391tdu5qd7ege5","blue",64,4,0,26,4.0000
226,"1ov5hag2l","1ov5hag2lud8391tdu5qd7ege5","blue",64,6,0,27,6.0000
227,"1ov5hag2l","1ov5hag2lud8391tdu5qd7ege5","blue",64,53,1,28,0.0000
228,"1ov5hag2l","1ov5hag2lud8391tdu5qd7ege5","blue",64,35,0,29,35.0000
229,"1ov5hag2l","1ov5hag2lud8391tdu5qd7ege5","blue",64,4,1,30,0.0000
230,"9b8e0utpq","9b8e0utpqbu5q8aqp2mm7am7p0","blue",64,10,0,1,10.0000
231,"9b8e0utpq","9b8e0utpqbu5q8aqp2mm7am7p0","blue",64,18,0,2,18.0000
232,"9b8e0utpq","9b8e0utpqbu5q8aqp2mm7am7p0","blue",64,8,1,3,0.0000
233,"9b8e0utpq","9b8e0utpqbu5q8aqp2mm7am7p0","blue",64,6,1,4,0.0000
234,"9b8e0utpq","9b8e0utpqbu5q8aqp2mm7am7p0","blue",64,17,0,5,17.0000
235,"9b8e0utpq","9b8e0utpqbu5q8aqp2mm7am7p0","blue",64,20,0,6,20.0000
236,"9b8e0utpq","9b8e0utpqbu5q8aqp2mm7am7p0","blue",64,18,0,7,18.0000
237,"9b8e0utpq","9b8e0utpqbu5q8aqp2mm7am7p0","blue",64,12,1,8,0.0000
238,"9b8e0utpq","9b8e0utpqbu5q8aqp2mm7am7p0","blue",64,17,0,9,17.0000
239,"9b8e0utpq","9b8e0utpqbu5q8aqp2mm7am7p0","blue",64,12,0,10,12.0000
240,"9b8e0utpq","9b8e0utpqbu5q8aqp2mm7am7p0","blue",64,10,1,11,0.0000
241,"9b8e0utpq","9b8e0utpqbu5q8aqp2mm7am7p0","blue",64,15,0,12,15.0000
242,"9b8e0utpq","9b8e0utpqbu5q8aqp2mm7am7p0","blue",64,18,0,13,18.0000
243,"em108k482","em108k482r47f0fevu41gcm9g4","blue",64,17,1,1,0.0000
244,"9b8e0utpq","9b8e0utpqbu5q8aqp2mm7am7p0","blue",64,23,0,14,23.0000
245,"em108k482","em108k482r47f0fevu41gcm9g4","blue",64,9,0,2,9.0000
246,"9b8e0utpq","9b8e0utpqbu5q8aqp2mm7am7p0","blue",64,22,0,15,22.0000
247,"em108k482","em108k482r47f0fevu41gcm9g4","blue",64,8,1,3,0.0000
248,"em108k482","em108k482r47f0fevu41gcm9g4","blue",64,6,1,4,0.0000
249,"em108k482","em108k482r47f0fevu41gcm9g4","blue",64,3,0,5,3.0000
250,"em108k482","em108k482r47f0fevu41gcm9g4","blue",64,4,0,6,4.0000
251,"9b8e0utpq","9b8e0utpqbu5q8aqp2mm7am7p0","blue",64,13,0,16,13.0000
252,"9b8e0utpq","9b8e0utpqbu5q8aqp2mm7am7p0","blue",64,18,1,17,0.0000
253,"9b8e0utpq","9b8e0utpqbu5q8aqp2mm7am7p0","blue",64,19,0,18,19.0000
254,"em108k482","em108k482r47f0fevu41gcm9g4","blue",64,5,0,7,5.0000
255,"em108k482","em108k482r47f0fevu41gcm9g4","blue",64,6,0,8,6.0000
256,"em108k482","em108k482r47f0fevu41gcm9g4","blue",64,8,0,9,8.0000
257,"9b8e0utpq","9b8e0utpqbu5q8aqp2mm7am7p0","blue",64,13,0,19,13.0000
258,"em108k482","em108k482r47f0fevu41gcm9g4","blue",64,7,0,10,7.0000
259,"9b8e0utpq","9b8e0utpqbu5q8aqp2mm7am7p0","blue",64,5,1,20,0.0000
260,"em108k482","em108k482r47f0fevu41gcm9g4","blue",64,7,0,11,7.0000
261,"9b8e0utpq","9b8e0utpqbu5q8aqp2mm7am7p0","blue",64,13,1,21,0.0000
262,"9b8e0utpq","9b8e0utpqbu5q8aqp2mm7am7p0","blue",64,17,0,22,17.0000
263,"em108k482","em108k482r47f0fevu41gcm9g4","blue",64,8,0,12,8.0000
264,"9b8e0utpq","9b8e0utpqbu5q8aqp2mm7am7p0","blue",64,10,0,23,10.0000
265,"9b8e0utpq","9b8e0utpqbu5q8aqp2mm7am7p0","blue",64,10,0,24,10.0000
266,"9b8e0utpq","9b8e0utpqbu5q8aqp2mm7am7p0","blue",64,11,1,25,0.0000
267,"9b8e0utpq","9b8e0utpqbu5q8aqp2mm7am7p0","blue",64,13,0,26,13.0000
268,"em108k482","em108k482r47f0fevu41gcm9g4","blue",64,10,0,13,10.0000
269,"9b8e0utpq","9b8e0utpqbu5q8aqp2mm7am7p0","blue",64,10,0,27,10.0000
270,"9b8e0utpq","9b8e0utpqbu5q8aqp2mm7am7p0","blue",64,11,0,28,11.0000
271,"em108k482","em108k482r47f0fevu41gcm9g4","blue",64,10,0,14,10.0000
272,"9b8e0utpq","9b8e0utpqbu5q8aqp2mm7am7p0","blue",64,8,0,29,8.0000
273,"em108k482","em108k482r47f0fevu41gcm9g4","blue",64,10,0,15,10.0000
274,"9b8e0utpq","9b8e0utpqbu5q8aqp2mm7am7p0","blue",64,4,1,30,0.0000
275,"em108k482","em108k482r47f0fevu41gcm9g4","blue",64,11,0,16,11.0000
276,"em108k482","em108k482r47f0fevu41gcm9g4","blue",64,7,0,17,7.0000
277,"em108k482","em108k482r47f0fevu41gcm9g4","blue",64,9,0,18,9.0000
278,"em108k482","em108k482r47f0fevu41gcm9g4","blue",64,5,0,19,5.0000
279,"em108k482","em108k482r47f0fevu41gcm9g4","blue",64,5,1,20,0.0000
280,"em108k482","em108k482r47f0fevu41gcm9g4","blue",64,4,0,21,4.0000
281,"em108k482","em108k482r47f0fevu41gcm9g4","blue",64,6,0,22,6.0000
282,"em108k482","em108k482r47f0fevu41gcm9g4","blue",64,6,0,23,6.0000
283,"em108k482","em108k482r47f0fevu41gcm9g4","blue",64,5,0,24,5.0000
284,"em108k482","em108k482r47f0fevu41gcm9g4","blue",64,5,0,25,5.0000
285,"em108k482","em108k482r47f0fevu41gcm9g4","blue",64,8,0,26,8.0000
286,"em108k482","em108k482r47f0fevu41gcm9g4","blue",64,9,0,27,9.0000
287,"em108k482","em108k482r47f0fevu41gcm9g4","blue",64,11,0,28,11.0000
288,"em108k482","em108k482r47f0fevu41gcm9g4","blue",64,8,0,29,8.0000
289,"em108k482","em108k482r47f0fevu41gcm9g4","blue",64,4,1,30,0.0000
290,"47ammrms8","47ammrms8lp44imqbdaa2eu197","blue",64,17,1,1,0.0000
291,"47ammrms8","47ammrms8lp44imqbdaa2eu197","blue",64,15,0,2,15.0000
292,"47ammrms8","47ammrms8lp44imqbdaa2eu197","blue",64,8,1,3,0.0000
293,"47ammrms8","47ammrms8lp44imqbdaa2eu197","blue",64,6,1,4,0.0000
294,"47ammrms8","47ammrms8lp44imqbdaa2eu197","blue",64,5,0,5,5.0000
295,"47ammrms8","47ammrms8lp44imqbdaa2eu197","blue",64,10,0,6,10.0000
296,"47ammrms8","47ammrms8lp44imqbdaa2eu197","blue",64,15,0,7,15.0000
297,"47ammrms8","47ammrms8lp44imqbdaa2eu197","blue",64,12,1,8,0.0000
298,"47ammrms8","47ammrms8lp44imqbdaa2eu197","blue",64,12,0,9,12.0000
299,"47ammrms8","47ammrms8lp44imqbdaa2eu197","blue",64,13,0,10,13.0000
300,"47ammrms8","47ammrms8lp44imqbdaa2eu197","blue",64,10,1,11,0.0000
301,"47ammrms8","47ammrms8lp44imqbdaa2eu197","blue",64,10,0,12,10.0000
302,"47ammrms8","47ammrms8lp44imqbdaa2eu197","blue",64,14,0,13,14.0000
303,"47ammrms8","47ammrms8lp44imqbdaa2eu197","blue",64,10,0,14,10.0000
304,"47ammrms8","47ammrms8lp44imqbdaa2eu197","blue",64,14,0,15,14.0000
305,"47ammrms8","47ammrms8lp44imqbdaa2eu197","blue",64,11,0,16,11.0000
306,"47ammrms8","47ammrms8lp44imqbdaa2eu197","blue",64,14,0,17,14.0000
307,"47ammrms8","47ammrms8lp44imqbdaa2eu197","blue",64,13,0,18,13.0000
308,"47ammrms8","47ammrms8lp44imqbdaa2eu197","blue",64,13,0,19,13.0000
309,"47ammrms8","47ammrms8lp44imqbdaa2eu197","blue",64,5,1,20,0.0000
310,"47ammrms8","47ammrms8lp44imqbdaa2eu197","blue",64,13,1,21,0.0000
311,"47ammrms8","47ammrms8lp44imqbdaa2eu197","blue",64,10,0,22,10.0000
312,"47ammrms8","47ammrms8lp44imqbdaa2eu197","blue",64,13,0,23,13.0000
313,"47ammrms8","47ammrms8lp44imqbdaa2eu197","blue",64,12,0,24,12.0000
314,"47ammrms8","47ammrms8lp44imqbdaa2eu197","blue",64,11,1,25,0.0000
315,"47ammrms8","47ammrms8lp44imqbdaa2eu197","blue",64,12,0,26,12.0000
316,"47ammrms8","47ammrms8lp44imqbdaa2eu197","blue",64,14,0,27,14.0000
317,"47ammrms8","47ammrms8lp44imqbdaa2eu197","blue",64,12,0,28,12.0000
318,"47ammrms8","47ammrms8lp44imqbdaa2eu197","blue",64,13,0,29,13.0000
319,"47ammrms8","47ammrms8lp44imqbdaa2eu197","blue",64,4,1,30,0.0000
320,"9kddg7894","9kddg7894g1c15596gd7ie6fc7","blue",64,17,1,1,0.0000
321,"9kddg7894","9kddg7894g1c15596gd7ie6fc7","blue",64,16,0,2,16.0000
322,"9kddg7894","9kddg7894g1c15596gd7ie6fc7","blue",64,8,1,3,0.0000
323,"9kddg7894","9kddg7894g1c15596gd7ie6fc7","blue",64,5,0,4,5.0000
324,"9kddg7894","9kddg7894g1c15596gd7ie6fc7","blue",64,7,0,5,7.0000
325,"9kddg7894","9kddg7894g1c15596gd7ie6fc7","blue",64,10,0,6,10.0000
326,"9kddg7894","9kddg7894g1c15596gd7ie6fc7","blue",64,8,0,7,8.0000
327,"9kddg7894","9kddg7894g1c15596gd7ie6fc7","blue",64,12,1,8,0.0000
328,"9kddg7894","9kddg7894g1c15596gd7ie6fc7","blue",64,8,0,9,8.0000
329,"9kddg7894","9kddg7894g1c15596gd7ie6fc7","blue",64,9,0,10,9.0000
330,"9kddg7894","9kddg7894g1c15596gd7ie6fc7","blue",64,7,0,11,7.0000
331,"9kddg7894","9kddg7894g1c15596gd7ie6fc7","blue",64,10,0,12,10.0000
332,"9kddg7894","9kddg7894g1c15596gd7ie6fc7","blue",64,12,0,13,12.0000
333,"9kddg7894","9kddg7894g1c15596gd7ie6fc7","blue",64,14,0,14,14.0000
334,"9kddg7894","9kddg7894g1c15596gd7ie6fc7","blue",64,15,0,15,15.0000
335,"9kddg7894","9kddg7894g1c15596gd7ie6fc7","blue",64,16,0,16,16.0000
336,"9kddg7894","9kddg7894g1c15596gd7ie6fc7","blue",64,17,0,17,17.0000
337,"9kddg7894","9kddg7894g1c15596gd7ie6fc7","blue",64,20,0,18,20.0000
338,"9kddg7894","9kddg7894g1c15596gd7ie6fc7","blue",64,20,0,19,20.0000
339,"9kddg7894","9kddg7894g1c15596gd7ie6fc7","blue",64,5,1,20,0.0000
340,"9kddg7894","9kddg7894g1c15596gd7ie6fc7","blue",64,13,1,21,0.0000
341,"9kddg7894","9kddg7894g1c15596gd7ie6fc7","blue",64,5,0,22,5.0000
342,"9kddg7894","9kddg7894g1c15596gd7ie6fc7","blue",64,10,0,23,10.0000
343,"9kddg7894","9kddg7894g1c15596gd7ie6fc7","blue",64,11,0,24,11.0000
344,"9kddg7894","9kddg7894g1c15596gd7ie6fc7","blue",64,5,0,25,5.0000
345,"9kddg7894","9kddg7894g1c15596gd7ie6fc7","blue",64,10,0,26,10.0000
346,"9kddg7894","9kddg7894g1c15596gd7ie6fc7","blue",64,10,0,27,10.0000
347,"9kddg7894","9kddg7894g1c15596gd7ie6fc7","blue",64,10,0,28,10.0000
348,"9kddg7894","9kddg7894g1c15596gd7ie6fc7","blue",64,10,0,29,10.0000
349,"9kddg7894","9kddg7894g1c15596gd7ie6fc7","blue",64,4,1,30,0.0000
350,"q16p4lsb2","q16p4lsb2834419ukm0kho46g0","blue",64,17,1,1,0.0000
351,"q16p4lsb2","q16p4lsb2834419ukm0kho46g0","blue",64,12,0,2,12.0000
352,"q16p4lsb2","q16p4lsb2834419ukm0kho46g0","blue",64,8,1,3,0.0000
353,"q16p4lsb2","q16p4lsb2834419ukm0kho46g0","blue",64,6,1,4,0.0000
354,"q16p4lsb2","q16p4lsb2834419ukm0kho46g0","blue",64,4,0,5,4.0000
355,"q16p4lsb2","q16p4lsb2834419ukm0kho46g0","blue",64,5,0,6,5.0000
356,"q16p4lsb2","q16p4lsb2834419ukm0kho46g0","blue",64,6,0,7,6.0000
357,"q16p4lsb2","q16p4lsb2834419ukm0kho46g0","blue",64,7,0,8,7.0000
358,"q16p4lsb2","q16p4lsb2834419ukm0kho46g0","blue",64,7,0,9,7.0000
359,"q16p4lsb2","q16p4lsb2834419ukm0kho46g0","blue",64,7,0,10,7.0000
360,"q16p4lsb2","q16p4lsb2834419ukm0kho46g0","blue",64,7,0,11,7.0000
361,"q16p4lsb2","q16p4lsb2834419ukm0kho46g0","blue",64,7,0,12,7.0000
362,"q16p4lsb2","q16p4lsb2834419ukm0kho46g0","blue",64,5,0,13,5.0000
363,"q16p4lsb2","q16p4lsb2834419ukm0kho46g0","blue",64,7,0,14,7.0000
364,"q16p4lsb2","q16p4lsb2834419ukm0kho46g0","blue",64,7,0,15,7.0000
365,"q16p4lsb2","q16p4lsb2834419ukm0kho46g0","blue",64,6,0,16,6.0000
366,"q16p4lsb2","q16p4lsb2834419ukm0kho46g0","blue",64,6,0,17,6.0000
367,"q16p4lsb2","q16p4lsb2834419ukm0kho46g0","blue",64,3,0,18,3.0000
368,"q16p4lsb2","q16p4lsb2834419ukm0kho46g0","blue",64,5,0,19,5.0000
369,"q16p4lsb2","q16p4lsb2834419ukm0kho46g0","blue",64,5,1,20,0.0000
370,"q16p4lsb2","q16p4lsb2834419ukm0kho46g0","blue",64,4,0,21,4.0000
371,"q16p4lsb2","q16p4lsb2834419ukm0kho46g0","blue",64,4,0,22,4.0000
372,"q16p4lsb2","q16p4lsb2834419ukm0kho46g0","blue",64,5,0,23,5.0000
373,"q16p4lsb2","q16p4lsb2834419ukm0kho46g0","blue",64,4,0,24,4.0000
374,"q16p4lsb2","q16p4lsb2834419ukm0kho46g0","blue",64,5,0,25,5.0000
375,"q16p4lsb2","q16p4lsb2834419ukm0kho46g0","blue",64,5,0,26,5.0000
376,"q16p4lsb2","q16p4lsb2834419ukm0kho46g0","blue",64,4,0,27,4.0000
377,"q16p4lsb2","q16p4lsb2834419ukm0kho46g0","blue",64,4,0,28,4.0000
378,"q16p4lsb2","q16p4lsb2834419ukm0kho46g0","blue",64,4,0,29,4.0000
379,"q16p4lsb2","q16p4lsb2834419ukm0kho46g0","blue",64,3,0,30,3.0000
380,"5oiqme01a","5oiqme01av5jh7sm8m45rcbmi3","blue",64,17,1,1,0.0000
381,"5oiqme01a","5oiqme01av5jh7sm8m45rcbmi3","blue",64,10,0,2,10.0000
382,"5oiqme01a","5oiqme01av5jh7sm8m45rcbmi3","blue",64,8,1,3,0.0000
383,"5oiqme01a","5oiqme01av5jh7sm8m45rcbmi3","blue",64,6,1,4,0.0000
384,"5oiqme01a","5oiqme01av5jh7sm8m45rcbmi3","blue",64,10,0,5,10.0000
385,"5oiqme01a","5oiqme01av5jh7sm8m45rcbmi3","blue",64,8,0,6,8.0000
386,"5oiqme01a","5oiqme01av5jh7sm8m45rcbmi3","blue",64,7,0,7,7.0000
387,"5oiqme01a","5oiqme01av5jh7sm8m45rcbmi3","blue",64,8,0,8,8.0000
388,"5oiqme01a","5oiqme01av5jh7sm8m45rcbmi3","blue",64,8,0,9,8.0000
389,"5oiqme01a","5oiqme01av5jh7sm8m45rcbmi3","blue",64,8,0,10,8.0000
390,"5oiqme01a","5oiqme01av5jh7sm8m45rcbmi3","blue",64,8,0,11,8.0000
391,"5oiqme01a","5oiqme01av5jh7sm8m45rcbmi3","blue",64,8,0,12,8.0000
392,"5oiqme01a","5oiqme01av5jh7sm8m45rcbmi3","blue",64,8,0,13,8.0000
393,"5oiqme01a","5oiqme01av5jh7sm8m45rcbmi3","blue",64,8,0,14,8.0000
394,"5oiqme01a","5oiqme01av5jh7sm8m45rcbmi3","blue",64,8,0,15,8.0000
395,"5oiqme01a","5oiqme01av5jh7sm8m45rcbmi3","blue",64,8,0,16,8.0000
396,"5oiqme01a","5oiqme01av5jh7sm8m45rcbmi3","blue",64,8,0,17,8.0000
397,"5oiqme01a","5oiqme01av5jh7sm8m45rcbmi3","blue",64,8,0,18,8.0000
398,"5oiqme01a","5oiqme01av5jh7sm8m45rcbmi3","blue",64,8,0,19,8.0000
399,"5oiqme01a","5oiqme01av5jh7sm8m45rcbmi3","blue",64,5,1,20,0.0000
400,"5oiqme01a","5oiqme01av5jh7sm8m45rcbmi3","blue",64,8,0,21,8.0000
401,"5oiqme01a","5oiqme01av5jh7sm8m45rcbmi3","blue",64,8,0,22,8.0000
402,"78vda8njl","78vda8njliir4k0ug9atb96jc0","blue",64,16,0,1,16.0000
403,"5oiqme01a","5oiqme01av5jh7sm8m45rcbmi3","blue",64,8,0,23,8.0000
404,"78vda8njl","78vda8njliir4k0ug9atb96jc0","blue",64,18,0,2,18.0000
405,"5oiqme01a","5oiqme01av5jh7sm8m45rcbmi3","blue",64,8,0,24,8.0000
406,"78vda8njl","78vda8njliir4k0ug9atb96jc0","blue",64,8,1,3,0.0000
407,"78vda8njl","78vda8njliir4k0ug9atb96jc0","blue",64,6,1,4,0.0000
408,"78vda8njl","78vda8njliir4k0ug9atb96jc0","blue",64,9,0,5,9.0000
409,"78vda8njl","78vda8njliir4k0ug9atb96jc0","blue",64,16,0,6,16.0000
410,"5oiqme01a","5oiqme01av5jh7sm8m45rcbmi3","blue",64,8,0,25,8.0000
411,"5oiqme01a","5oiqme01av5jh7sm8m45rcbmi3","blue",64,8,0,26,8.0000
412,"5oiqme01a","5oiqme01av5jh7sm8m45rcbmi3","blue",64,8,0,27,8.0000
413,"5oiqme01a","5oiqme01av5jh7sm8m45rcbmi3","blue",64,8,0,28,8.0000
414,"5oiqme01a","5oiqme01av5jh7sm8m45rcbmi3","blue",64,8,0,29,8.0000
415,"78vda8njl","78vda8njliir4k0ug9atb96jc0","blue",64,9,0,7,9.0000
416,"5oiqme01a","5oiqme01av5jh7sm8m45rcbmi3","blue",64,4,1,30,0.0000
417,"78vda8njl","78vda8njliir4k0ug9atb96jc0","blue",64,12,1,8,0.0000
418,"78vda8njl","78vda8njliir4k0ug9atb96jc0","blue",64,15,0,9,15.0000
419,"78vda8njl","78vda8njliir4k0ug9atb96jc0","blue",64,12,0,10,12.0000
420,"78vda8njl","78vda8njliir4k0ug9atb96jc0","blue",64,10,1,11,0.0000
421,"78vda8njl","78vda8njliir4k0ug9atb96jc0","blue",64,10,0,12,10.0000
422,"78vda8njl","78vda8njliir4k0ug9atb96jc0","blue",64,10,0,13,10.0000
423,"78vda8njl","78vda8njliir4k0ug9atb96jc0","blue",64,14,0,14,14.0000
424,"78vda8njl","78vda8njliir4k0ug9atb96jc0","blue",64,18,0,15,18.0000
425,"78vda8njl","78vda8njliir4k0ug9atb96jc0","blue",64,23,0,16,23.0000
426,"78vda8njl","78vda8njliir4k0ug9atb96jc0","blue",64,10,0,17,10.0000
427,"78vda8njl","78vda8njliir4k0ug9atb96jc0","blue",64,15,0,18,15.0000
428,"78vda8njl","78vda8njliir4k0ug9atb96jc0","blue",64,27,0,19,27.0000
429,"78vda8njl","78vda8njliir4k0ug9atb96jc0","blue",64,5,1,20,0.0000
430,"78vda8njl","78vda8njliir4k0ug9atb96jc0","blue",64,13,1,21,0.0000
431,"78vda8njl","78vda8njliir4k0ug9atb96jc0","blue",64,14,0,22,14.0000
432,"78vda8njl","78vda8njliir4k0ug9atb96jc0","blue",64,15,0,23,15.0000
433,"78vda8njl","78vda8njliir4k0ug9atb96jc0","blue",64,22,0,24,22.0000
434,"78vda8njl","78vda8njliir4k0ug9atb96jc0","blue",64,11,1,25,0.0000
435,"78vda8njl","78vda8njliir4k0ug9atb96jc0","blue",64,14,1,26,0.0000
436,"78vda8njl","78vda8njliir4k0ug9atb96jc0","blue",64,22,0,27,22.0000
437,"78vda8njl","78vda8njliir4k0ug9atb96jc0","blue",64,11,0,28,11.0000
438,"78vda8njl","78vda8njliir4k0ug9atb96jc0","blue",64,14,0,29,14.0000
439,"78vda8njl","78vda8njliir4k0ug9atb96jc0","blue",64,4,1,30,0.0000
440,"of3mo7glo","of3mo7glod58ah9ctckp8kjnt2","blue",64,15,0,1,15.0000
441,"of3mo7glo","of3mo7glod58ah9ctckp8kjnt2","blue",64,26,0,2,26.0000
442,"of3mo7glo","of3mo7glod58ah9ctckp8kjnt2","blue",64,8,1,3,0.0000
443,"of3mo7glo","of3mo7glod58ah9ctckp8kjnt2","blue",64,6,1,4,0.0000
444,"of3mo7glo","of3mo7glod58ah9ctckp8kjnt2","blue",64,15,0,5,15.0000
445,"of3mo7glo","of3mo7glod58ah9ctckp8kjnt2","blue",64,22,0,6,22.0000
446,"tmgc2k6fp","tmgc2k6fpf31m6t6u0fj8g7400","blue",64,6,0,1,6.0000
447,"of3mo7glo","of3mo7glod58ah9ctckp8kjnt2","blue",64,19,0,7,19.0000
448,"tmgc2k6fp","tmgc2k6fpf31m6t6u0fj8g7400","blue",64,8,0,2,8.0000
449,"of3mo7glo","of3mo7glod58ah9ctckp8kjnt2","blue",64,12,1,8,0.0000
450,"tmgc2k6fp","tmgc2k6fpf31m6t6u0fj8g7400","blue",64,6,0,3,6.0000
451,"of3mo7glo","of3mo7glod58ah9ctckp8kjnt2","blue",64,11,0,9,11.0000
452,"tmgc2k6fp","tmgc2k6fpf31m6t6u0fj8g7400","blue",64,6,1,4,0.0000
453,"tmgc2k6fp","tmgc2k6fpf31m6t6u0fj8g7400","blue",64,5,0,5,5.0000
454,"tmgc2k6fp","tmgc2k6fpf31m6t6u0fj8g7400","blue",64,6,0,6,6.0000
455,"of3mo7glo","of3mo7glod58ah9ctckp8kjnt2","blue",64,12,0,10,12.0000
456,"of3mo7glo","of3mo7glod58ah9ctckp8kjnt2","blue",64,10,1,11,0.0000
457,"of3mo7glo","of3mo7glod58ah9ctckp8kjnt2","blue",64,17,0,12,17.0000
458,"tmgc2k6fp","tmgc2k6fpf31m6t6u0fj8g7400","blue",64,8,0,7,8.0000
459,"tmgc2k6fp","tmgc2k6fpf31m6t6u0fj8g7400","blue",64,7,0,8,7.0000
460,"tmgc2k6fp","tmgc2k6fpf31m6t6u0fj8g7400","blue",64,6,0,9,6.0000
461,"tmgc2k6fp","tmgc2k6fpf31m6t6u0fj8g7400","blue",64,10,0,10,10.0000
462,"tmgc2k6fp","tmgc2k6fpf31m6t6u0fj8g7400","blue",64,6,0,11,6.0000
463,"tmgc2k6fp","tmgc2k6fpf31m6t6u0fj8g7400","blue",64,7,0,12,7.0000
464,"tmgc2k6fp","tmgc2k6fpf31m6t6u0fj8g7400","blue",64,5,0,13,5.0000
465,"tmgc2k6fp","tmgc2k6fpf31m6t6u0fj8g7400","blue",64,6,0,14,6.0000
466,"tmgc2k6fp","tmgc2k6fpf31m6t6u0fj8g7400","blue",64,6,0,15,6.0000
467,"tmgc2k6fp","tmgc2k6fpf31m6t6u0fj8g7400","blue",64,7,0,16,7.0000
468,"tmgc2k6fp","tmgc2k6fpf31m6t6u0fj8g7400","blue",64,7,0,17,7.0000
469,"tmgc2k6fp","tmgc2k6fpf31m6t6u0fj8g7400","blue",64,7,0,18,7.0000
470,"tmgc2k6fp","tmgc2k6fpf31m6t6u0fj8g7400","blue",64,8,0,19,8.0000
471,"tmgc2k6fp","tmgc2k6fpf31m6t6u0fj8g7400","blue",64,5,1,20,0.0000
472,"tmgc2k6fp","tmgc2k6fpf31m6t6u0fj8g7400","blue",64,9,0,21,9.0000
473,"tmgc2k6fp","tmgc2k6fpf31m6t6u0fj8g7400","blue",64,7,0,22,7.0000
474,"tmgc2k6fp","tmgc2k6fpf31m6t6u0fj8g7400","blue",64,8,0,23,8.0000
475,"tmgc2k6fp","tmgc2k6fpf31m6t6u0fj8g7400","blue",64,8,0,24,8.0000
476,"tmgc2k6fp","tmgc2k6fpf31m6t6u0fj8g7400","blue",64,7,0,25,7.0000
477,"tmgc2k6fp","tmgc2k6fpf31m6t6u0fj8g7400","blue",64,6,0,26,6.0000
478,"tmgc2k6fp","tmgc2k6fpf31m6t6u0fj8g7400","blue",64,8,0,27,8.0000
479,"tmgc2k6fp","tmgc2k6fpf31m6t6u0fj8g7400","blue",64,7,0,28,7.0000
480,"tmgc2k6fp","tmgc2k6fpf31m6t6u0fj8g7400","blue",64,8,0,29,8.0000
481,"tmgc2k6fp","tmgc2k6fpf31m6t6u0fj8g7400","blue",64,4,1,30,0.0000
482,"dgel92u26","dgel92u269hjgpj66tqif0g8b3","blue",64,17,1,1,0.0000
483,"dgel92u26","dgel92u269hjgpj66tqif0g8b3","blue",64,12,0,2,12.0000
484,"dgel92u26","dgel92u269hjgpj66tqif0g8b3","blue",64,8,1,3,0.0000
485,"dgel92u26","dgel92u269hjgpj66tqif0g8b3","blue",64,6,1,4,0.0000
486,"dgel92u26","dgel92u269hjgpj66tqif0g8b3","blue",64,6,0,5,6.0000
487,"dgel92u26","dgel92u269hjgpj66tqif0g8b3","blue",64,12,0,6,12.0000
488,"3gv8ih70r","3gv8ih70rbkd7la2itgmck1631","blue",64,17,1,1,0.0000
489,"3gv8ih70r","3gv8ih70rbkd7la2itgmck1631","blue",64,9,0,2,9.0000
490,"3gv8ih70r","3gv8ih70rbkd7la2itgmck1631","blue",64,8,1,3,0.0000
491,"3gv8ih70r","3gv8ih70rbkd7la2itgmck1631","blue",64,6,1,4,0.0000
492,"3gv8ih70r","3gv8ih70rbkd7la2itgmck1631","blue",64,10,0,5,10.0000
493,"dgel92u26","dgel92u269hjgpj66tqif0g8b3","blue",64,12,0,7,12.0000
494,"3gv8ih70r","3gv8ih70rbkd7la2itgmck1631","blue",64,15,0,6,15.0000
495,"dgel92u26","dgel92u269hjgpj66tqif0g8b3","blue",64,12,1,8,0.0000
496,"dgel92u26","dgel92u269hjgpj66tqif0g8b3","blue",64,8,0,9,8.0000
497,"dgel92u26","dgel92u269hjgpj66tqif0g8b3","blue",64,11,0,10,11.0000
498,"dgel92u26","dgel92u269hjgpj66tqif0g8b3","blue",64,10,1,11,0.0000
499,"67vvtm35c","67vvtm35cpkaves8ok2unbeg32","blue",64,13,0,1,13.0000
500,"dgel92u26","dgel92u269hjgpj66tqif0g8b3","blue",64,12,0,12,12.0000
501,"67vvtm35c","67vvtm35cpkaves8ok2unbeg32","blue",64,27,0,2,27.0000
502,"67vvtm35c","67vvtm35cpkaves8ok2unbeg32","blue",64,8,1,3,0.0000
503,"67vvtm35c","67vvtm35cpkaves8ok2unbeg32","blue",64,6,1,4,0.0000
504,"67vvtm35c","67vvtm35cpkaves8ok2unbeg32","blue",64,3,0,5,3.0000
505,"3gv8ih70r","3gv8ih70rbkd7la2itgmck1631","blue",64,20,0,7,20.0000
506,"67vvtm35c","67vvtm35cpkaves8ok2unbeg32","blue",64,23,1,6,0.0000
507,"dgel92u26","dgel92u269hjgpj66tqif0g8b3","blue",64,8,0,13,8.0000
508,"3gv8ih70r","3gv8ih70rbkd7la2itgmck1631","blue",64,12,1,8,0.0000
509,"dgel92u26","dgel92u269hjgpj66tqif0g8b3","blue",64,8,0,14,8.0000
510,"dgel92u26","dgel92u269hjgpj66tqif0g8b3","blue",64,11,0,15,11.0000
511,"3gv8ih70r","3gv8ih70rbkd7la2itgmck1631","blue",64,16,0,9,16.0000
512,"dgel92u26","dgel92u269hjgpj66tqif0g8b3","blue",64,9,0,16,9.0000
513,"3gv8ih70r","3gv8ih70rbkd7la2itgmck1631","blue",64,25,0,10,25.0000
514,"67vvtm35c","67vvtm35cpkaves8ok2unbeg32","blue",64,18,0,7,18.0000
515,"3gv8ih70r","3gv8ih70rbkd7la2itgmck1631","blue",64,10,1,11,0.0000
516,"67vvtm35c","67vvtm35cpkaves8ok2unbeg32","blue",64,12,1,8,0.0000
517,"67vvtm35c","67vvtm35cpkaves8ok2unbeg32","blue",64,16,0,9,16.0000
518,"dgel92u26","dgel92u269hjgpj66tqif0g8b3","blue",64,17,0,17,17.0000
519,"3gv8ih70r","3gv8ih70rbkd7la2itgmck1631","blue",64,30,0,12,30.0000
520,"67vvtm35c","67vvtm35cpkaves8ok2unbeg32","blue",64,20,0,10,20.0000
521,"dgel92u26","dgel92u269hjgpj66tqif0g8b3","blue",64,16,0,18,16.0000
522,"67vvtm35c","67vvtm35cpkaves8ok2unbeg32","blue",64,10,1,11,0.0000
523,"67vvtm35c","67vvtm35cpkaves8ok2unbeg32","blue",64,5,0,12,5.0000
524,"3gv8ih70r","3gv8ih70rbkd7la2itgmck1631","blue",64,25,0,13,25.0000
525,"67vvtm35c","67vvtm35cpkaves8ok2unbeg32","blue",64,24,0,13,24.0000
526,"3gv8ih70r","3gv8ih70rbkd7la2itgmck1631","blue",64,33,1,14,0.0000
527,"67vvtm35c","67vvtm35cpkaves8ok2unbeg32","blue",64,33,1,14,0.0000
528,"3gv8ih70r","3gv8ih70rbkd7la2itgmck1631","blue",64,25,0,15,25.0000
529,"67vvtm35c","67vvtm35cpkaves8ok2unbeg32","blue",64,32,0,15,32.0000
530,"67vvtm35c","67vvtm35cpkaves8ok2unbeg32","blue",64,30,0,16,30.0000
531,"3gv8ih70r","3gv8ih70rbkd7la2itgmck1631","blue",64,25,0,16,25.0000
532,"67vvtm35c","67vvtm35cpkaves8ok2unbeg32","blue",64,18,1,17,0.0000
533,"3gv8ih70r","3gv8ih70rbkd7la2itgmck1631","blue",64,18,1,17,0.0000
534,"67vvtm35c","67vvtm35cpkaves8ok2unbeg32","blue",64,30,0,18,30.0000
535,"3gv8ih70r","3gv8ih70rbkd7la2itgmck1631","blue",64,30,0,18,30.0000
536,"67vvtm35c","67vvtm35cpkaves8ok2unbeg32","blue",64,33,0,19,33.0000
537,"67vvtm35c","67vvtm35cpkaves8ok2unbeg32","blue",64,5,1,20,0.0000
538,"67vvtm35c","67vvtm35cpkaves8ok2unbeg32","blue",64,13,1,21,0.0000
539,"3gv8ih70r","3gv8ih70rbkd7la2itgmck1631","blue",64,20,0,19,20.0000
540,"67vvtm35c","67vvtm35cpkaves8ok2unbeg32","blue",64,15,0,22,15.0000
541,"3gv8ih70r","3gv8ih70rbkd7la2itgmck1631","blue",64,5,1,20,0.0000
542,"3gv8ih70r","3gv8ih70rbkd7la2itgmck1631","blue",64,13,1,21,0.0000
543,"67vvtm35c","67vvtm35cpkaves8ok2unbeg32","blue",64,36,1,23,0.0000
544,"3gv8ih70r","3gv8ih70rbkd7la2itgmck1631","blue",64,20,0,22,20.0000
545,"67vvtm35c","67vvtm35cpkaves8ok2unbeg32","blue",64,32,0,24,32.0000
546,"3gv8ih70r","3gv8ih70rbkd7la2itgmck1631","blue",64,29,0,23,29.0000
547,"784kb88hv","784kb88hvrdpcbqo5rje8h3pi5","blue",64,15,0,1,15.0000
548,"784kb88hv","784kb88hvrdpcbqo5rje8h3pi5","blue",64,17,0,2,17.0000
549,"784kb88hv","784kb88hvrdpcbqo5rje8h3pi5","blue",64,8,1,3,0.0000
550,"3gv8ih70r","3gv8ih70rbkd7la2itgmck1631","blue",64,26,0,24,26.0000
551,"67vvtm35c","67vvtm35cpkaves8ok2unbeg32","blue",64,11,1,25,0.0000
552,"784kb88hv","784kb88hvrdpcbqo5rje8h3pi5","blue",64,6,1,4,0.0000
553,"67vvtm35c","67vvtm35cpkaves8ok2unbeg32","blue",64,14,1,26,0.0000
554,"784kb88hv","784kb88hvrdpcbqo5rje8h3pi5","blue",64,7,0,5,7.0000
555,"784kb88hv","784kb88hvrdpcbqo5rje8h3pi5","blue",64,11,0,6,11.0000
556,"67vvtm35c","67vvtm35cpkaves8ok2unbeg32","blue",64,24,0,27,24.0000
557,"67vvtm35c","67vvtm35cpkaves8ok2unbeg32","blue",64,31,0,28,31.0000
558,"3gv8ih70r","3gv8ih70rbkd7la2itgmck1631","blue",64,11,1,25,0.0000
559,"784kb88hv","784kb88hvrdpcbqo5rje8h3pi5","blue",64,9,0,7,9.0000
560,"67vvtm35c","67vvtm35cpkaves8ok2unbeg32","blue",64,39,0,29,39.0000
561,"3gv8ih70r","3gv8ih70rbkd7la2itgmck1631","blue",64,9,0,26,9.0000
562,"67vvtm35c","67vvtm35cpkaves8ok2unbeg32","blue",64,4,1,30,0.0000
563,"784kb88hv","784kb88hvrdpcbqo5rje8h3pi5","blue",64,12,1,8,0.0000
564,"dgel92u26","dgel92u269hjgpj66tqif0g8b3","blue",64,17,0,19,17.0000
565,"784kb88hv","784kb88hvrdpcbqo5rje8h3pi5","blue",64,13,0,9,13.0000
566,"dgel92u26","dgel92u269hjgpj66tqif0g8b3","blue",64,5,1,20,0.0000
567,"784kb88hv","784kb88hvrdpcbqo5rje8h3pi5","blue",64,15,0,10,15.0000
568,"3gv8ih70r","3gv8ih70rbkd7la2itgmck1631","blue",64,21,0,27,21.0000
569,"784kb88hv","784kb88hvrdpcbqo5rje8h3pi5","blue",64,10,1,11,0.0000
570,"784kb88hv","784kb88hvrdpcbqo5rje8h3pi5","blue",64,9,0,12,9.0000
571,"3gv8ih70r","3gv8ih70rbkd7la2itgmck1631","blue",64,35,0,28,35.0000
572,"784kb88hv","784kb88hvrdpcbqo5rje8h3pi5","blue",64,10,0,13,10.0000
573,"784kb88hv","784kb88hvrdpcbqo5rje8h3pi5","blue",64,13,0,14,13.0000
574,"3gv8ih70r","3gv8ih70rbkd7la2itgmck1631","blue",64,30,0,29,30.0000
575,"784kb88hv","784kb88hvrdpcbqo5rje8h3pi5","blue",64,11,0,15,11.0000
576,"3gv8ih70r","3gv8ih70rbkd7la2itgmck1631","blue",64,4,1,30,0.0000
577,"784kb88hv","784kb88hvrdpcbqo5rje8h3pi5","blue",64,13,0,16,13.0000
578,"784kb88hv","784kb88hvrdpcbqo5rje8h3pi5","blue",64,14,0,17,14.0000
579,"784kb88hv","784kb88hvrdpcbqo5rje8h3pi5","blue",64,13,0,18,13.0000
580,"dm612rsma","dm612rsmadjmvda1s70aghfkl3","blue",64,3,0,1,3.0000
581,"dm612rsma","dm612rsmadjmvda1s70aghfkl3","blue",64,19,0,2,19.0000
582,"dm612rsma","dm612rsmadjmvda1s70aghfkl3","blue",64,8,1,3,0.0000
583,"dm612rsma","dm612rsmadjmvda1s70aghfkl3","blue",64,6,1,4,0.0000
584,"dm612rsma","dm612rsmadjmvda1s70aghfkl3","blue",64,31,0,5,31.0000
585,"784kb88hv","784kb88hvrdpcbqo5rje8h3pi5","blue",64,9,0,19,9.0000
586,"784kb88hv","784kb88hvrdpcbqo5rje8h3pi5","blue",64,5,1,20,0.0000
587,"dm612rsma","dm612rsmadjmvda1s70aghfkl3","blue",64,23,1,6,0.0000
588,"784kb88hv","784kb88hvrdpcbqo5rje8h3pi5","blue",64,9,0,21,9.0000
589,"784kb88hv","784kb88hvrdpcbqo5rje8h3pi5","blue",64,10,0,22,10.0000
590,"784kb88hv","784kb88hvrdpcbqo5rje8h3pi5","blue",64,8,0,23,8.0000
591,"784kb88hv","784kb88hvrdpcbqo5rje8h3pi5","blue",64,8,0,24,8.0000
592,"784kb88hv","784kb88hvrdpcbqo5rje8h3pi5","blue",64,9,0,25,9.0000
593,"784kb88hv","784kb88hvrdpcbqo5rje8h3pi5","blue",64,9,0,26,9.0000
594,"784kb88hv","784kb88hvrdpcbqo5rje8h3pi5","blue",64,13,0,27,13.0000
595,"dm612rsma","dm612rsmadjmvda1s70aghfkl3","blue",64,42,1,7,0.0000
596,"784kb88hv","784kb88hvrdpcbqo5rje8h3pi5","blue",64,10,0,28,10.0000
597,"dm612rsma","dm612rsmadjmvda1s70aghfkl3","blue",64,12,1,8,0.0000
598,"784kb88hv","784kb88hvrdpcbqo5rje8h3pi5","blue",64,10,0,29,10.0000
599,"784kb88hv","784kb88hvrdpcbqo5rje8h3pi5","blue",64,4,1,30,0.0000
600,"dm612rsma","dm612rsmadjmvda1s70aghfkl3","blue",64,30,0,10,30.0000
601,"dm612rsma","dm612rsmadjmvda1s70aghfkl3","blue",64,10,1,11,0.0000
602,"dm612rsma","dm612rsmadjmvda1s70aghfkl3","blue",64,35,0,12,35.0000
603,"dm612rsma","dm612rsmadjmvda1s70aghfkl3","blue",64,35,0,13,35.0000
604,"dm612rsma","dm612rsmadjmvda1s70aghfkl3","blue",64,33,1,14,0.0000
605,"dm612rsma","dm612rsmadjmvda1s70aghfkl3","blue",64,46,1,15,0.0000
606,"dm612rsma","dm612rsmadjmvda1s70aghfkl3","blue",64,30,0,16,30.0000
607,"dm612rsma","dm612rsmadjmvda1s70aghfkl3","blue",64,18,1,17,0.0000
608,"dgel92u26","dgel92u269hjgpj66tqif0g8b3","blue",64,13,1,21,0.0000
609,"dm612rsma","dm612rsmadjmvda1s70aghfkl3","blue",64,32,1,18,0.0000
610,"dgel92u26","dgel92u269hjgpj66tqif0g8b3","blue",64,19,0,22,19.0000
611,"dm612rsma","dm612rsmadjmvda1s70aghfkl3","blue",64,37,0,19,37.0000
612,"dm612rsma","dm612rsmadjmvda1s70aghfkl3","blue",64,5,1,20,0.0000
613,"dm612rsma","dm612rsmadjmvda1s70aghfkl3","blue",64,13,1,21,0.0000
614,"dm612rsma","dm612rsmadjmvda1s70aghfkl3","blue",64,44,1,22,0.0000
615,"dm612rsma","dm612rsmadjmvda1s70aghfkl3","blue",64,36,1,23,0.0000
616,"dm612rsma","dm612rsmadjmvda1s70aghfkl3","blue",64,34,0,24,34.0000
617,"dm612rsma","dm612rsmadjmvda1s70aghfkl3","blue",64,11,1,25,0.0000
618,"dm612rsma","dm612rsmadjmvda1s70aghfkl3","blue",64,14,1,26,0.0000
619,"dm612rsma","dm612rsmadjmvda1s70aghfkl3","blue",64,26,1,27,0.0000
620,"dm612rsma","dm612rsmadjmvda1s70aghfkl3","blue",64,34,0,28,34.0000
621,"dm612rsma","dm612rsmadjmvda1s70aghfkl3","blue",64,29,0,29,29.0000
622,"dm612rsma","dm612rsmadjmvda1s70aghfkl3","blue",64,4,1,30,0.0000
623,"c8jfnlht9","c8jfnlht9ue62753uu1gv98g50","blue",64,8,0,1,8.0000
624,"c8jfnlht9","c8jfnlht9ue62753uu1gv98g50","blue",64,21,0,2,21.0000
625,"c8jfnlht9","c8jfnlht9ue62753uu1gv98g50","blue",64,8,1,3,0.0000
626,"c8jfnlht9","c8jfnlht9ue62753uu1gv98g50","blue",64,6,1,4,0.0000
627,"c8jfnlht9","c8jfnlht9ue62753uu1gv98g50","blue",64,8,0,5,8.0000
628,"c8jfnlht9","c8jfnlht9ue62753uu1gv98g50","blue",64,11,0,6,11.0000
629,"c8jfnlht9","c8jfnlht9ue62753uu1gv98g50","blue",64,12,0,7,12.0000
630,"c8jfnlht9","c8jfnlht9ue62753uu1gv98g50","blue",64,12,1,8,0.0000
631,"c8jfnlht9","c8jfnlht9ue62753uu1gv98g50","blue",64,10,0,9,10.0000
632,"c8jfnlht9","c8jfnlht9ue62753uu1gv98g50","blue",64,12,0,10,12.0000
633,"c8jfnlht9","c8jfnlht9ue62753uu1gv98g50","blue",64,10,1,11,0.0000
634,"c8jfnlht9","c8jfnlht9ue62753uu1gv98g50","blue",64,14,0,12,14.0000
635,"c8jfnlht9","c8jfnlht9ue62753uu1gv98g50","blue",64,16,0,13,16.0000
636,"c8jfnlht9","c8jfnlht9ue62753uu1gv98g50","blue",64,14,0,14,14.0000
637,"c8jfnlht9","c8jfnlht9ue62753uu1gv98g50","blue",64,17,0,15,17.0000
638,"c8jfnlht9","c8jfnlht9ue62753uu1gv98g50","blue",64,12,0,16,12.0000
639,"c8jfnlht9","c8jfnlht9ue62753uu1gv98g50","blue",64,18,1,17,0.0000
640,"c8jfnlht9","c8jfnlht9ue62753uu1gv98g50","blue",64,16,0,18,16.0000
641,"5bu68gqq1","5bu68gqq1bgpd0coch5t53euf3","blue",64,9,0,1,9.0000
642,"5bu68gqq1","5bu68gqq1bgpd0coch5t53euf3","blue",64,10,0,2,10.0000
643,"5bu68gqq1","5bu68gqq1bgpd0coch5t53euf3","blue",64,8,1,3,0.0000
644,"5bu68gqq1","5bu68gqq1bgpd0coch5t53euf3","blue",64,6,1,4,0.0000
645,"5bu68gqq1","5bu68gqq1bgpd0coch5t53euf3","blue",64,12,0,5,12.0000
646,"5bu68gqq1","5bu68gqq1bgpd0coch5t53euf3","blue",64,8,0,6,8.0000
647,"5bu68gqq1","5bu68gqq1bgpd0coch5t53euf3","blue",64,14,0,7,14.0000
648,"5bu68gqq1","5bu68gqq1bgpd0coch5t53euf3","blue",64,12,1,8,0.0000
649,"5bu68gqq1","5bu68gqq1bgpd0coch5t53euf3","blue",64,9,0,9,9.0000
650,"5bu68gqq1","5bu68gqq1bgpd0coch5t53euf3","blue",64,22,0,10,22.0000
651,"5bu68gqq1","5bu68gqq1bgpd0coch5t53euf3","blue",64,10,1,11,0.0000
652,"5bu68gqq1","5bu68gqq1bgpd0coch5t53euf3","blue",64,11,0,12,11.0000
653,"5bu68gqq1","5bu68gqq1bgpd0coch5t53euf3","blue",64,9,0,13,9.0000
654,"5bu68gqq1","5bu68gqq1bgpd0coch5t53euf3","blue",64,8,0,14,8.0000
655,"5bu68gqq1","5bu68gqq1bgpd0coch5t53euf3","blue",64,13,0,15,13.0000
656,"5bu68gqq1","5bu68gqq1bgpd0coch5t53euf3","blue",64,15,0,16,15.0000
657,"5bu68gqq1","5bu68gqq1bgpd0coch5t53euf3","blue",64,18,1,17,0.0000
658,"5bu68gqq1","5bu68gqq1bgpd0coch5t53euf3","blue",64,16,0,18,16.0000
659,"5bu68gqq1","5bu68gqq1bgpd0coch5t53euf3","blue",64,12,0,19,12.0000
660,"5bu68gqq1","5bu68gqq1bgpd0coch5t53euf3","blue",64,5,1,20,0.0000
661,"5bu68gqq1","5bu68gqq1bgpd0coch5t53euf3","blue",64,10,0,21,10.0000
662,"5bu68gqq1","5bu68gqq1bgpd0coch5t53euf3","blue",64,14,0,22,14.0000
663,"5bu68gqq1","5bu68gqq1bgpd0coch5t53euf3","blue",64,14,0,23,14.0000
664,"5bu68gqq1","5bu68gqq1bgpd0coch5t53euf3","blue",64,20,0,24,20.0000
665,"5bu68gqq1","5bu68gqq1bgpd0coch5t53euf3","blue",64,11,1,25,0.0000
666,"5bu68gqq1","5bu68gqq1bgpd0coch5t53euf3","blue",64,13,0,26,13.0000
667,"5bu68gqq1","5bu68gqq1bgpd0coch5t53euf3","blue",64,10,0,27,10.0000
668,"5bu68gqq1","5bu68gqq1bgpd0coch5t53euf3","blue",64,15,0,28,15.0000
669,"5bu68gqq1","5bu68gqq1bgpd0coch5t53euf3","blue",64,11,0,29,11.0000
670,"5bu68gqq1","5bu68gqq1bgpd0coch5t53euf3","blue",64,4,1,30,0.0000
671,"uhbmkg4cc","uhbmkg4ccl5gooou4eac19qk17","blue",64,17,1,1,0.0000
672,"428lrpo1d","428lrpo1dvm5vhlhtpkc0cu1j7","blue",64,17,1,1,0.0000
673,"uhbmkg4cc","uhbmkg4ccl5gooou4eac19qk17","blue",64,12,0,2,12.0000
674,"428lrpo1d","428lrpo1dvm5vhlhtpkc0cu1j7","blue",64,15,0,2,15.0000
675,"uhbmkg4cc","uhbmkg4ccl5gooou4eac19qk17","blue",64,8,1,3,0.0000
676,"uhbmkg4cc","uhbmkg4ccl5gooou4eac19qk17","blue",64,6,1,4,0.0000
677,"428lrpo1d","428lrpo1dvm5vhlhtpkc0cu1j7","blue",64,8,1,3,0.0000
678,"428lrpo1d","428lrpo1dvm5vhlhtpkc0cu1j7","blue",64,6,1,4,0.0000
679,"uhbmkg4cc","uhbmkg4ccl5gooou4eac19qk17","blue",64,11,0,5,11.0000
680,"uhbmkg4cc","uhbmkg4ccl5gooou4eac19qk17","blue",64,8,0,6,8.0000
681,"428lrpo1d","428lrpo1dvm5vhlhtpkc0cu1j7","blue",64,15,0,5,15.0000
682,"428lrpo1d","428lrpo1dvm5vhlhtpkc0cu1j7","blue",64,15,0,6,15.0000
683,"uhbmkg4cc","uhbmkg4ccl5gooou4eac19qk17","blue",64,42,1,7,0.0000
684,"uhbmkg4cc","uhbmkg4ccl5gooou4eac19qk17","blue",64,12,1,8,0.0000
685,"428lrpo1d","428lrpo1dvm5vhlhtpkc0cu1j7","blue",64,15,0,7,15.0000
686,"428lrpo1d","428lrpo1dvm5vhlhtpkc0cu1j7","blue",64,12,1,8,0.0000
687,"uhbmkg4cc","uhbmkg4ccl5gooou4eac19qk17","blue",64,27,0,9,27.0000
688,"428lrpo1d","428lrpo1dvm5vhlhtpkc0cu1j7","blue",64,15,0,9,15.0000
689,"uhbmkg4cc","uhbmkg4ccl5gooou4eac19qk17","blue",64,26,0,10,26.0000
690,"uhbmkg4cc","uhbmkg4ccl5gooou4eac19qk17","blue",64,10,1,11,0.0000
691,"428lrpo1d","428lrpo1dvm5vhlhtpkc0cu1j7","blue",64,15,0,10,15.0000
692,"uhbmkg4cc","uhbmkg4ccl5gooou4eac19qk17","blue",64,22,0,12,22.0000
693,"428lrpo1d","428lrpo1dvm5vhlhtpkc0cu1j7","blue",64,10,1,11,0.0000
694,"lnmolup59","lnmolup59l0pfbrj8f4qls33u1","blue",64,15,0,1,15.0000
695,"428lrpo1d","428lrpo1dvm5vhlhtpkc0cu1j7","blue",64,15,0,12,15.0000
696,"lnmolup59","lnmolup59l0pfbrj8f4qls33u1","blue",64,39,0,2,39.0000
697,"lnmolup59","lnmolup59l0pfbrj8f4qls33u1","blue",64,8,1,3,0.0000
698,"lnmolup59","lnmolup59l0pfbrj8f4qls33u1","blue",64,6,1,4,0.0000
699,"lnmolup59","lnmolup59l0pfbrj8f4qls33u1","blue",64,33,0,5,33.0000
700,"lnmolup59","lnmolup59l0pfbrj8f4qls33u1","blue",64,23,1,6,0.0000
701,"428lrpo1d","428lrpo1dvm5vhlhtpkc0cu1j7","blue",64,15,0,13,15.0000
702,"428lrpo1d","428lrpo1dvm5vhlhtpkc0cu1j7","blue",64,15,0,14,15.0000
703,"uhbmkg4cc","uhbmkg4ccl5gooou4eac19qk17","blue",64,38,0,13,38.0000
704,"428lrpo1d","428lrpo1dvm5vhlhtpkc0cu1j7","blue",64,15,0,15,15.0000
705,"lnmolup59","lnmolup59l0pfbrj8f4qls33u1","blue",64,34,0,7,34.0000
706,"lnmolup59","lnmolup59l0pfbrj8f4qls33u1","blue",64,12,1,8,0.0000
707,"uhbmkg4cc","uhbmkg4ccl5gooou4eac19qk17","blue",64,33,1,14,0.0000
708,"lnmolup59","lnmolup59l0pfbrj8f4qls33u1","blue",64,31,1,9,0.0000
709,"428lrpo1d","428lrpo1dvm5vhlhtpkc0cu1j7","blue",64,17,0,16,17.0000
710,"lnmolup59","lnmolup59l0pfbrj8f4qls33u1","blue",64,38,1,10,0.0000
711,"lnmolup59","lnmolup59l0pfbrj8f4qls33u1","blue",64,10,1,11,0.0000
712,"uhbmkg4cc","uhbmkg4ccl5gooou4eac19qk17","blue",64,32,0,15,32.0000
713,"428lrpo1d","428lrpo1dvm5vhlhtpkc0cu1j7","blue",64,15,0,17,15.0000
714,"lnmolup59","lnmolup59l0pfbrj8f4qls33u1","blue",64,41,0,12,41.0000
715,"428lrpo1d","428lrpo1dvm5vhlhtpkc0cu1j7","blue",64,15,0,18,15.0000
716,"uhbmkg4cc","uhbmkg4ccl5gooou4eac19qk17","blue",64,33,0,16,33.0000
717,"uhbmkg4cc","uhbmkg4ccl5gooou4eac19qk17","blue",64,18,1,17,0.0000
718,"uhbmkg4cc","uhbmkg4ccl5gooou4eac19qk17","blue",64,32,1,18,0.0000
719,"lnmolup59","lnmolup59l0pfbrj8f4qls33u1","blue",64,15,0,13,15.0000
720,"lnmolup59","lnmolup59l0pfbrj8f4qls33u1","blue",64,17,0,14,17.0000
721,"lnmolup59","lnmolup59l0pfbrj8f4qls33u1","blue",64,17,0,15,17.0000
722,"lnmolup59","lnmolup59l0pfbrj8f4qls33u1","blue",64,21,0,16,21.0000
723,"428lrpo1d","428lrpo1dvm5vhlhtpkc0cu1j7","blue",64,15,0,19,15.0000
724,"lnmolup59","lnmolup59l0pfbrj8f4qls33u1","blue",64,9,0,17,9.0000
725,"428lrpo1d","428lrpo1dvm5vhlhtpkc0cu1j7","blue",64,5,1,20,0.0000
726,"lnmolup59","lnmolup59l0pfbrj8f4qls33u1","blue",64,18,0,18,18.0000
727,"428lrpo1d","428lrpo1dvm5vhlhtpkc0cu1j7","blue",64,13,1,21,0.0000
728,"428lrpo1d","428lrpo1dvm5vhlhtpkc0cu1j7","blue",64,15,0,22,15.0000
729,"428lrpo1d","428lrpo1dvm5vhlhtpkc0cu1j7","blue",64,15,0,23,15.0000
730,"428lrpo1d","428lrpo1dvm5vhlhtpkc0cu1j7","blue",64,15,0,24,15.0000
731,"uhbmkg4cc","uhbmkg4ccl5gooou4eac19qk17","blue",64,45,0,19,45.0000
732,"uhbmkg4cc","uhbmkg4ccl5gooou4eac19qk17","blue",64,5,1,20,0.0000
733,"lnmolup59","lnmolup59l0pfbrj8f4qls33u1","blue",64,12,0,19,12.0000
734,"lnmolup59","lnmolup59l0pfbrj8f4qls33u1","blue",64,5,1,20,0.0000
735,"uhbmkg4cc","uhbmkg4ccl5gooou4eac19qk17","blue",64,13,1,21,0.0000
736,"lnmolup59","lnmolup59l0pfbrj8f4qls33u1","blue",64,8,0,21,8.0000
737,"lnmolup59","lnmolup59l0pfbrj8f4qls33u1","blue",64,12,0,22,12.0000
738,"uhbmkg4cc","uhbmkg4ccl5gooou4eac19qk17","blue",64,22,0,22,22.0000
739,"lnmolup59","lnmolup59l0pfbrj8f4qls33u1","blue",64,9,0,23,9.0000
740,"lnmolup59","lnmolup59l0pfbrj8f4qls33u1","blue",64,10,0,24,10.0000
741,"uhbmkg4cc","uhbmkg4ccl5gooou4eac19qk17","blue",64,24,0,23,24.0000
742,"uhbmkg4cc","uhbmkg4ccl5gooou4eac19qk17","blue",64,26,0,24,26.0000
743,"428lrpo1d","428lrpo1dvm5vhlhtpkc0cu1j7","blue",64,11,1,25,0.0000
744,"428lrpo1d","428lrpo1dvm5vhlhtpkc0cu1j7","blue",64,14,1,26,0.0000
745,"428lrpo1d","428lrpo1dvm5vhlhtpkc0cu1j7","blue",64,15,0,27,15.0000
746,"lnmolup59","lnmolup59l0pfbrj8f4qls33u1","blue",64,11,1,25,0.0000
747,"428lrpo1d","428lrpo1dvm5vhlhtpkc0cu1j7","blue",64,15,0,28,15.0000
748,"lnmolup59","lnmolup59l0pfbrj8f4qls33u1","blue",64,9,0,26,9.0000
749,"lnmolup59","lnmolup59l0pfbrj8f4qls33u1","blue",64,10,0,27,10.0000
750,"428lrpo1d","428lrpo1dvm5vhlhtpkc0cu1j7","blue",64,13,0,29,13.0000
751,"lnmolup59","lnmolup59l0pfbrj8f4qls33u1","blue",64,8,0,28,8.0000
752,"428lrpo1d","428lrpo1dvm5vhlhtpkc0cu1j7","blue",64,4,1,30,0.0000
753,"lnmolup59","lnmolup59l0pfbrj8f4qls33u1","blue",64,8,0,29,8.0000
754,"lnmolup59","lnmolup59l0pfbrj8f4qls33u1","blue",64,4,1,30,0.0000
755,"uhbmkg4cc","uhbmkg4ccl5gooou4eac19qk17","blue",64,11,1,25,0.0000
756,"uhbmkg4cc","uhbmkg4ccl5gooou4eac19qk17","blue",64,14,1,26,0.0000
757,"uhbmkg4cc","uhbmkg4ccl5gooou4eac19qk17","blue",64,9,0,27,9.0000
758,"uhbmkg4cc","uhbmkg4ccl5gooou4eac19qk17","blue",64,15,0,28,15.0000
759,"uhbmkg4cc","uhbmkg4ccl5gooou4eac19qk17","blue",64,11,0,29,11.0000
760,"uhbmkg4cc","uhbmkg4ccl5gooou4eac19qk17","blue",64,4,1,30,0.0000
761,"hj5vrdu0r","hj5vrdu0rk8nh8cctl7ut95ps5","blue",64,12,0,1,12.0000
762,"hj5vrdu0r","hj5vrdu0rk8nh8cctl7ut95ps5","blue",64,15,0,2,15.0000
763,"hj5vrdu0r","hj5vrdu0rk8nh8cctl7ut95ps5","blue",64,8,1,3,0.0000
764,"hj5vrdu0r","hj5vrdu0rk8nh8cctl7ut95ps5","blue",64,6,1,4,0.0000
765,"hj5vrdu0r","hj5vrdu0rk8nh8cctl7ut95ps5","blue",64,5,0,5,5.0000
766,"hj5vrdu0r","hj5vrdu0rk8nh8cctl7ut95ps5","blue",64,9,0,6,9.0000
767,"hj5vrdu0r","hj5vrdu0rk8nh8cctl7ut95ps5","blue",64,13,0,7,13.0000
768,"hj5vrdu0r","hj5vrdu0rk8nh8cctl7ut95ps5","blue",64,12,1,8,0.0000
769,"hj5vrdu0r","hj5vrdu0rk8nh8cctl7ut95ps5","blue",64,8,0,9,8.0000
770,"hj5vrdu0r","hj5vrdu0rk8nh8cctl7ut95ps5","blue",64,12,0,10,12.0000
771,"hj5vrdu0r","hj5vrdu0rk8nh8cctl7ut95ps5","blue",64,10,1,11,0.0000
772,"hj5vrdu0r","hj5vrdu0rk8nh8cctl7ut95ps5","blue",64,18,0,12,18.0000
773,"hj5vrdu0r","hj5vrdu0rk8nh8cctl7ut95ps5","blue",64,12,0,13,12.0000
774,"hj5vrdu0r","hj5vrdu0rk8nh8cctl7ut95ps5","blue",64,15,0,14,15.0000
775,"hj5vrdu0r","hj5vrdu0rk8nh8cctl7ut95ps5","blue",64,25,0,15,25.0000
776,"hj5vrdu0r","hj5vrdu0rk8nh8cctl7ut95ps5","blue",64,26,0,16,26.0000
777,"hj5vrdu0r","hj5vrdu0rk8nh8cctl7ut95ps5","blue",64,18,1,17,0.0000
778,"hj5vrdu0r","hj5vrdu0rk8nh8cctl7ut95ps5","blue",64,20,0,18,20.0000
779,"e4blimrd7","e4blimrd74v6n39qun23rvmu11","blue",64,17,1,1,0.0000
780,"e4blimrd7","e4blimrd74v6n39qun23rvmu11","blue",64,10,0,2,10.0000
781,"e4blimrd7","e4blimrd74v6n39qun23rvmu11","blue",64,8,1,3,0.0000
782,"e4blimrd7","e4blimrd74v6n39qun23rvmu11","blue",64,6,1,4,0.0000
783,"hj5vrdu0r","hj5vrdu0rk8nh8cctl7ut95ps5","blue",64,9,0,19,9.0000
784,"e4blimrd7","e4blimrd74v6n39qun23rvmu11","blue",64,5,0,5,5.0000
785,"hj5vrdu0r","hj5vrdu0rk8nh8cctl7ut95ps5","blue",64,5,1,20,0.0000
786,"hj5vrdu0r","hj5vrdu0rk8nh8cctl7ut95ps5","blue",64,10,0,21,10.0000
787,"e4blimrd7","e4blimrd74v6n39qun23rvmu11","blue",64,6,0,6,6.0000
788,"hj5vrdu0r","hj5vrdu0rk8nh8cctl7ut95ps5","blue",64,24,0,22,24.0000
789,"hj5vrdu0r","hj5vrdu0rk8nh8cctl7ut95ps5","blue",64,36,1,23,0.0000
790,"hj5vrdu0r","hj5vrdu0rk8nh8cctl7ut95ps5","blue",64,24,0,24,24.0000
791,"hj5vrdu0r","hj5vrdu0rk8nh8cctl7ut95ps5","blue",64,11,1,25,0.0000
792,"hj5vrdu0r","hj5vrdu0rk8nh8cctl7ut95ps5","blue",64,8,0,26,8.0000
793,"e4blimrd7","e4blimrd74v6n39qun23rvmu11","blue",64,6,0,7,6.0000
794,"hj5vrdu0r","hj5vrdu0rk8nh8cctl7ut95ps5","blue",64,14,0,27,14.0000
795,"e4blimrd7","e4blimrd74v6n39qun23rvmu11","blue",64,10,0,8,10.0000
796,"hj5vrdu0r","hj5vrdu0rk8nh8cctl7ut95ps5","blue",64,16,0,28,16.0000
797,"hj5vrdu0r","hj5vrdu0rk8nh8cctl7ut95ps5","blue",64,12,0,29,12.0000
798,"e4blimrd7","e4blimrd74v6n39qun23rvmu11","blue",64,8,0,9,8.0000
799,"hj5vrdu0r","hj5vrdu0rk8nh8cctl7ut95ps5","blue",64,4,1,30,0.0000
800,"e4blimrd7","e4blimrd74v6n39qun23rvmu11","blue",64,12,0,10,12.0000
801,"e4blimrd7","e4blimrd74v6n39qun23rvmu11","blue",64,10,1,11,0.0000
802,"e4blimrd7","e4blimrd74v6n39qun23rvmu11","blue",64,11,0,12,11.0000
803,"e4blimrd7","e4blimrd74v6n39qun23rvmu11","blue",64,15,0,13,15.0000
804,"e4blimrd7","e4blimrd74v6n39qun23rvmu11","blue",64,13,0,14,13.0000
805,"e4blimrd7","e4blimrd74v6n39qun23rvmu11","blue",64,12,0,15,12.0000
806,"e4blimrd7","e4blimrd74v6n39qun23rvmu11","blue",64,12,0,16,12.0000
807,"e4blimrd7","e4blimrd74v6n39qun23rvmu11","blue",64,15,0,17,15.0000
808,"e4blimrd7","e4blimrd74v6n39qun23rvmu11","blue",64,13,0,18,13.0000
809,"e4blimrd7","e4blimrd74v6n39qun23rvmu11","blue",64,13,0,19,13.0000
810,"e4blimrd7","e4blimrd74v6n39qun23rvmu11","blue",64,5,1,20,0.0000
811,"e4blimrd7","e4blimrd74v6n39qun23rvmu11","blue",64,13,1,21,0.0000
812,"e4blimrd7","e4blimrd74v6n39qun23rvmu11","blue",64,6,0,22,6.0000
813,"e4blimrd7","e4blimrd74v6n39qun23rvmu11","blue",64,8,0,23,8.0000
814,"e4blimrd7","e4blimrd74v6n39qun23rvmu11","blue",64,6,0,24,6.0000
815,"e4blimrd7","e4blimrd74v6n39qun23rvmu11","blue",64,11,1,25,0.0000
816,"e4blimrd7","e4blimrd74v6n39qun23rvmu11","blue",64,10,0,26,10.0000
817,"e4blimrd7","e4blimrd74v6n39qun23rvmu11","blue",64,6,0,27,6.0000
818,"e4blimrd7","e4blimrd74v6n39qun23rvmu11","blue",64,5,0,28,5.0000
819,"e4blimrd7","e4blimrd74v6n39qun23rvmu11","blue",64,9,0,29,9.0000
820,"e4blimrd7","e4blimrd74v6n39qun23rvmu11","blue",64,4,1,30,0.0000
821,"gfdlsli7b","gfdlsli7bftfiljq59fdsejg05","blue",64,13,0,1,13.0000
822,"gfdlsli7b","gfdlsli7bftfiljq59fdsejg05","blue",64,19,0,2,19.0000
823,"gfdlsli7b","gfdlsli7bftfiljq59fdsejg05","blue",64,8,1,3,0.0000
824,"gfdlsli7b","gfdlsli7bftfiljq59fdsejg05","blue",64,6,1,4,0.0000
825,"gfdlsli7b","gfdlsli7bftfiljq59fdsejg05","blue",64,18,0,5,18.0000
826,"gfdlsli7b","gfdlsli7bftfiljq59fdsejg05","blue",64,23,1,6,0.0000
827,"fl1r2sbca","fl1r2sbcanqj9posbhs5i2pq61","blue",64,10,0,1,10.0000
828,"fl1r2sbca","fl1r2sbcanqj9posbhs5i2pq61","blue",64,17,0,2,17.0000
829,"fl1r2sbca","fl1r2sbcanqj9posbhs5i2pq61","blue",64,8,1,3,0.0000
830,"fl1r2sbca","fl1r2sbcanqj9posbhs5i2pq61","blue",64,6,1,4,0.0000
831,"fl1r2sbca","fl1r2sbcanqj9posbhs5i2pq61","blue",64,18,0,5,18.0000
832,"fl1r2sbca","fl1r2sbcanqj9posbhs5i2pq61","blue",64,6,0,6,6.0000
833,"gfdlsli7b","gfdlsli7bftfiljq59fdsejg05","blue",64,13,0,7,13.0000
834,"gfdlsli7b","gfdlsli7bftfiljq59fdsejg05","blue",64,12,1,8,0.0000
835,"gfdlsli7b","gfdlsli7bftfiljq59fdsejg05","blue",64,22,0,9,22.0000
836,"gfdlsli7b","gfdlsli7bftfiljq59fdsejg05","blue",64,24,0,10,24.0000
837,"gfdlsli7b","gfdlsli7bftfiljq59fdsejg05","blue",64,10,1,11,0.0000
838,"gfdlsli7b","gfdlsli7bftfiljq59fdsejg05","blue",64,6,0,12,6.0000
839,"fl1r2sbca","fl1r2sbcanqj9posbhs5i2pq61","blue",64,9,0,7,9.0000
840,"fl1r2sbca","fl1r2sbcanqj9posbhs5i2pq61","blue",64,12,1,8,0.0000
841,"fl1r2sbca","fl1r2sbcanqj9posbhs5i2pq61","blue",64,11,0,9,11.0000
842,"fl1r2sbca","fl1r2sbcanqj9posbhs5i2pq61","blue",64,14,0,10,14.0000
843,"fl1r2sbca","fl1r2sbcanqj9posbhs5i2pq61","blue",64,10,1,11,0.0000
844,"fl1r2sbca","fl1r2sbcanqj9posbhs5i2pq61","blue",64,5,0,12,5.0000
845,"gfdlsli7b","gfdlsli7bftfiljq59fdsejg05","blue",64,23,0,13,23.0000
846,"gfdlsli7b","gfdlsli7bftfiljq59fdsejg05","blue",64,27,0,14,27.0000
847,"gfdlsli7b","gfdlsli7bftfiljq59fdsejg05","blue",64,38,0,15,38.0000
848,"fl1r2sbca","fl1r2sbcanqj9posbhs5i2pq61","blue",64,22,0,13,22.0000
849,"gfdlsli7b","gfdlsli7bftfiljq59fdsejg05","blue",64,45,0,16,45.0000
850,"gfdlsli7b","gfdlsli7bftfiljq59fdsejg05","blue",64,18,1,17,0.0000
851,"fl1r2sbca","fl1r2sbcanqj9posbhs5i2pq61","blue",64,16,0,14,16.0000
852,"fl1r2sbca","fl1r2sbcanqj9posbhs5i2pq61","blue",64,18,0,15,18.0000
853,"gfdlsli7b","gfdlsli7bftfiljq59fdsejg05","blue",64,32,1,18,0.0000
854,"fl1r2sbca","fl1r2sbcanqj9posbhs5i2pq61","blue",64,14,0,16,14.0000
855,"fl1r2sbca","fl1r2sbcanqj9posbhs5i2pq61","blue",64,13,0,17,13.0000
856,"fl1r2sbca","fl1r2sbcanqj9posbhs5i2pq61","blue",64,12,0,18,12.0000
857,"gfdlsli7b","gfdlsli7bftfiljq59fdsejg05","blue",64,34,0,19,34.0000
858,"gfdlsli7b","gfdlsli7bftfiljq59fdsejg05","blue",64,5,1,20,0.0000
859,"gfdlsli7b","gfdlsli7bftfiljq59fdsejg05","blue",64,13,1,21,0.0000
860,"fl1r2sbca","fl1r2sbcanqj9posbhs5i2pq61","blue",64,15,0,19,15.0000
861,"fl1r2sbca","fl1r2sbcanqj9posbhs5i2pq61","blue",64,5,1,20,0.0000
862,"fl1r2sbca","fl1r2sbcanqj9posbhs5i2pq61","blue",64,8,0,21,8.0000
863,"gfdlsli7b","gfdlsli7bftfiljq59fdsejg05","blue",64,44,1,22,0.0000
864,"fl1r2sbca","fl1r2sbcanqj9posbhs5i2pq61","blue",64,10,0,22,10.0000
865,"fl1r2sbca","fl1r2sbcanqj9posbhs5i2pq61","blue",64,7,0,23,7.0000
866,"gfdlsli7b","gfdlsli7bftfiljq59fdsejg05","blue",64,36,1,23,0.0000
867,"fl1r2sbca","fl1r2sbcanqj9posbhs5i2pq61","blue",64,9,0,24,9.0000
868,"gfdlsli7b","gfdlsli7bftfiljq59fdsejg05","blue",64,36,0,24,36.0000
869,"fl1r2sbca","fl1r2sbcanqj9posbhs5i2pq61","blue",64,9,0,25,9.0000
870,"fl1r2sbca","fl1r2sbcanqj9posbhs5i2pq61","blue",64,7,0,26,7.0000
871,"fl1r2sbca","fl1r2sbcanqj9posbhs5i2pq61","blue",64,16,0,27,16.0000
872,"gfdlsli7b","gfdlsli7bftfiljq59fdsejg05","blue",64,11,1,25,0.0000
873,"fl1r2sbca","fl1r2sbcanqj9posbhs5i2pq61","blue",64,6,0,28,6.0000
874,"gfdlsli7b","gfdlsli7bftfiljq59fdsejg05","blue",64,14,1,26,0.0000
875,"fl1r2sbca","fl1r2sbcanqj9posbhs5i2pq61","blue",64,6,0,29,6.0000
876,"gfdlsli7b","gfdlsli7bftfiljq59fdsejg05","blue",64,26,1,27,0.0000
877,"fl1r2sbca","fl1r2sbcanqj9posbhs5i2pq61","blue",64,4,1,30,0.0000
878,"gfdlsli7b","gfdlsli7bftfiljq59fdsejg05","blue",64,6,0,28,6.0000
879,"gfdlsli7b","gfdlsli7bftfiljq59fdsejg05","blue",64,28,0,29,28.0000
880,"gfdlsli7b","gfdlsli7bftfiljq59fdsejg05","blue",64,4,1,30,0.0000
881,"lqd1n3oc8","lqd1n3oc8jqqeq1t3k6p07se41","blue",64,17,1,1,0.0000
882,"lqd1n3oc8","lqd1n3oc8jqqeq1t3k6p07se41","blue",64,22,0,2,22.0000
883,"lqd1n3oc8","lqd1n3oc8jqqeq1t3k6p07se41","blue",64,8,1,3,0.0000
884,"lqd1n3oc8","lqd1n3oc8jqqeq1t3k6p07se41","blue",64,6,1,4,0.0000
885,"hn33o5veu","hn33o5veum3644ep3pfnr4car4","blue",64,14,0,1,14.0000
886,"lqd1n3oc8","lqd1n3oc8jqqeq1t3k6p07se41","blue",64,19,0,5,19.0000
887,"lqd1n3oc8","lqd1n3oc8jqqeq1t3k6p07se41","blue",64,23,1,6,0.0000
888,"hn33o5veu","hn33o5veum3644ep3pfnr4car4","blue",64,31,0,2,31.0000
889,"hn33o5veu","hn33o5veum3644ep3pfnr4car4","blue",64,6,1,4,0.0000
890,"hn33o5veu","hn33o5veum3644ep3pfnr4car4","blue",64,21,0,5,21.0000
891,"hn33o5veu","hn33o5veum3644ep3pfnr4car4","blue",64,23,1,6,0.0000
892,"lqd1n3oc8","lqd1n3oc8jqqeq1t3k6p07se41","blue",64,25,0,7,25.0000
893,"lqd1n3oc8","lqd1n3oc8jqqeq1t3k6p07se41","blue",64,12,1,8,0.0000
894,"lqd1n3oc8","lqd1n3oc8jqqeq1t3k6p07se41","blue",64,31,1,9,0.0000
895,"lqd1n3oc8","lqd1n3oc8jqqeq1t3k6p07se41","blue",64,35,0,10,35.0000
896,"lqd1n3oc8","lqd1n3oc8jqqeq1t3k6p07se41","blue",64,10,1,11,0.0000
897,"lqd1n3oc8","lqd1n3oc8jqqeq1t3k6p07se41","blue",64,20,0,12,20.0000
898,"hn33o5veu","hn33o5veum3644ep3pfnr4car4","blue",64,21,0,7,21.0000
899,"hn33o5veu","hn33o5veum3644ep3pfnr4car4","blue",64,12,1,8,0.0000
900,"hn33o5veu","hn33o5veum3644ep3pfnr4car4","blue",64,31,1,9,0.0000
901,"hn33o5veu","hn33o5veum3644ep3pfnr4car4","blue",64,23,0,10,23.0000
902,"hn33o5veu","hn33o5veum3644ep3pfnr4car4","blue",64,10,1,11,0.0000
903,"lqd1n3oc8","lqd1n3oc8jqqeq1t3k6p07se41","blue",64,25,0,13,25.0000
904,"hn33o5veu","hn33o5veum3644ep3pfnr4car4","blue",64,12,0,12,12.0000
905,"lqd1n3oc8","lqd1n3oc8jqqeq1t3k6p07se41","blue",64,33,1,14,0.0000
906,"lqd1n3oc8","lqd1n3oc8jqqeq1t3k6p07se41","blue",64,40,0,15,40.0000
907,"lqd1n3oc8","lqd1n3oc8jqqeq1t3k6p07se41","blue",64,31,0,16,31.0000
908,"lqd1n3oc8","lqd1n3oc8jqqeq1t3k6p07se41","blue",64,18,1,17,0.0000
909,"hn33o5veu","hn33o5veum3644ep3pfnr4car4","blue",64,24,0,13,24.0000
910,"lqd1n3oc8","lqd1n3oc8jqqeq1t3k6p07se41","blue",64,25,0,18,25.0000
911,"hn33o5veu","hn33o5veum3644ep3pfnr4car4","blue",64,20,0,14,20.0000
912,"hn33o5veu","hn33o5veum3644ep3pfnr4car4","blue",64,32,0,15,32.0000
913,"hn33o5veu","hn33o5veum3644ep3pfnr4car4","blue",64,24,0,16,24.0000
914,"hn33o5veu","hn33o5veum3644ep3pfnr4car4","blue",64,14,0,17,14.0000
915,"hn33o5veu","hn33o5veum3644ep3pfnr4car4","blue",64,18,0,18,18.0000
916,"lqd1n3oc8","lqd1n3oc8jqqeq1t3k6p07se41","blue",64,33,0,19,33.0000
917,"lqd1n3oc8","lqd1n3oc8jqqeq1t3k6p07se41","blue",64,5,1,20,0.0000
918,"lqd1n3oc8","lqd1n3oc8jqqeq1t3k6p07se41","blue",64,13,1,21,0.0000
919,"lqd1n3oc8","lqd1n3oc8jqqeq1t3k6p07se41","blue",64,33,0,22,33.0000
920,"lqd1n3oc8","lqd1n3oc8jqqeq1t3k6p07se41","blue",64,33,0,23,33.0000
921,"hn33o5veu","hn33o5veum3644ep3pfnr4car4","blue",64,36,0,19,36.0000
922,"lqd1n3oc8","lqd1n3oc8jqqeq1t3k6p07se41","blue",64,43,0,24,43.0000
923,"hn33o5veu","hn33o5veum3644ep3pfnr4car4","blue",64,5,1,20,0.0000
924,"hn33o5veu","hn33o5veum3644ep3pfnr4car4","blue",64,10,0,21,10.0000
925,"hn33o5veu","hn33o5veum3644ep3pfnr4car4","blue",64,24,0,22,24.0000
926,"hn33o5veu","hn33o5veum3644ep3pfnr4car4","blue",64,24,0,23,24.0000
927,"hn33o5veu","hn33o5veum3644ep3pfnr4car4","blue",64,27,0,24,27.0000
928,"lqd1n3oc8","lqd1n3oc8jqqeq1t3k6p07se41","blue",64,11,1,25,0.0000
929,"lqd1n3oc8","lqd1n3oc8jqqeq1t3k6p07se41","blue",64,14,1,26,0.0000
930,"lqd1n3oc8","lqd1n3oc8jqqeq1t3k6p07se41","blue",64,25,0,27,25.0000
931,"lqd1n3oc8","lqd1n3oc8jqqeq1t3k6p07se41","blue",64,36,0,28,36.0000
932,"hn33o5veu","hn33o5veum3644ep3pfnr4car4","blue",64,11,1,25,0.0000
933,"lqd1n3oc8","lqd1n3oc8jqqeq1t3k6p07se41","blue",64,28,0,29,28.0000
934,"lqd1n3oc8","lqd1n3oc8jqqeq1t3k6p07se41","blue",64,4,1,30,0.0000
935,"hn33o5veu","hn33o5veum3644ep3pfnr4car4","blue",64,14,1,26,0.0000
936,"hn33o5veu","hn33o5veum3644ep3pfnr4car4","blue",64,26,1,27,0.0000
937,"hn33o5veu","hn33o5veum3644ep3pfnr4car4","blue",64,17,0,28,17.0000
938,"hn33o5veu","hn33o5veum3644ep3pfnr4car4","blue",64,20,0,29,20.0000
939,"hn33o5veu","hn33o5veum3644ep3pfnr4car4","blue",64,4,1,30,0.0000
940,"mqh5j35hb","mqh5j35hbu916sndfqupagupq1","blue",64,16,0,1,16.0000
941,"mqh5j35hb","mqh5j35hbu916sndfqupagupq1","blue",64,18,0,2,18.0000
942,"mqh5j35hb","mqh5j35hbu916sndfqupagupq1","blue",64,8,1,3,0.0000
943,"mqh5j35hb","mqh5j35hbu916sndfqupagupq1","blue",64,6,1,4,0.0000
944,"mqh5j35hb","mqh5j35hbu916sndfqupagupq1","blue",64,16,0,5,16.0000
945,"mqh5j35hb","mqh5j35hbu916sndfqupagupq1","blue",64,16,0,6,16.0000
946,"mqh5j35hb","mqh5j35hbu916sndfqupagupq1","blue",64,21,0,7,21.0000
947,"mqh5j35hb","mqh5j35hbu916sndfqupagupq1","blue",64,12,1,8,0.0000
948,"mqh5j35hb","mqh5j35hbu916sndfqupagupq1","blue",64,16,0,9,16.0000
949,"mqh5j35hb","mqh5j35hbu916sndfqupagupq1","blue",64,23,0,10,23.0000
950,"mqh5j35hb","mqh5j35hbu916sndfqupagupq1","blue",64,10,1,11,0.0000
951,"mqh5j35hb","mqh5j35hbu916sndfqupagupq1","blue",64,23,0,12,23.0000
952,"mqh5j35hb","mqh5j35hbu916sndfqupagupq1","blue",64,21,0,13,21.0000
953,"mqh5j35hb","mqh5j35hbu916sndfqupagupq1","blue",64,25,0,14,25.0000
954,"mqh5j35hb","mqh5j35hbu916sndfqupagupq1","blue",64,26,0,15,26.0000
955,"mqh5j35hb","mqh5j35hbu916sndfqupagupq1","blue",64,24,0,16,24.0000
956,"mqh5j35hb","mqh5j35hbu916sndfqupagupq1","blue",64,18,1,17,0.0000
957,"mqh5j35hb","mqh5j35hbu916sndfqupagupq1","blue",64,21,0,18,21.0000
958,"mqh5j35hb","mqh5j35hbu916sndfqupagupq1","blue",64,21,0,19,21.0000
959,"mqh5j35hb","mqh5j35hbu916sndfqupagupq1","blue",64,5,1,20,0.0000
960,"mqh5j35hb","mqh5j35hbu916sndfqupagupq1","blue",64,13,1,21,0.0000
961,"mqh5j35hb","mqh5j35hbu916sndfqupagupq1","blue",64,22,0,22,22.0000
962,"mqh5j35hb","mqh5j35hbu916sndfqupagupq1","blue",64,21,0,23,21.0000
963,"mqh5j35hb","mqh5j35hbu916sndfqupagupq1","blue",64,18,0,24,18.0000
964,"mqh5j35hb","mqh5j35hbu916sndfqupagupq1","blue",64,11,1,25,0.0000
965,"mqh5j35hb","mqh5j35hbu916sndfqupagupq1","blue",64,14,1,26,0.0000
966,"mqh5j35hb","mqh5j35hbu916sndfqupagupq1","blue",64,17,0,27,17.0000
967,"mqh5j35hb","mqh5j35hbu916sndfqupagupq1","blue",64,20,0,28,20.0000
968,"mqh5j35hb","mqh5j35hbu916sndfqupagupq1","blue",64,23,0,29,23.0000
969,"mqh5j35hb","mqh5j35hbu916sndfqupagupq1","blue",64,4,1,30,0.0000
970,"8344e8ie4","8344e8ie4ljuj9emdivda0bs86","blue",64,17,1,1,0.0000
971,"8344e8ie4","8344e8ie4ljuj9emdivda0bs86","blue",64,9,0,2,9.0000
972,"8344e8ie4","8344e8ie4ljuj9emdivda0bs86","blue",64,8,1,3,0.0000
973,"8344e8ie4","8344e8ie4ljuj9emdivda0bs86","blue",64,6,1,4,0.0000
974,"8344e8ie4","8344e8ie4ljuj9emdivda0bs86","blue",64,4,0,5,4.0000
975,"8344e8ie4","8344e8ie4ljuj9emdivda0bs86","blue",64,4,0,6,4.0000
976,"8344e8ie4","8344e8ie4ljuj9emdivda0bs86","blue",64,8,0,7,8.0000
977,"8344e8ie4","8344e8ie4ljuj9emdivda0bs86","blue",64,6,0,8,6.0000
978,"8344e8ie4","8344e8ie4ljuj9emdivda0bs86","blue",64,7,0,9,7.0000
979,"8344e8ie4","8344e8ie4ljuj9emdivda0bs86","blue",64,7,0,10,7.0000
980,"8344e8ie4","8344e8ie4ljuj9emdivda0bs86","blue",64,9,0,11,9.0000
981,"8344e8ie4","8344e8ie4ljuj9emdivda0bs86","blue",64,10,0,12,10.0000
982,"8344e8ie4","8344e8ie4ljuj9emdivda0bs86","blue",64,13,0,13,13.0000
983,"8344e8ie4","8344e8ie4ljuj9emdivda0bs86","blue",64,16,0,14,16.0000
984,"8344e8ie4","8344e8ie4ljuj9emdivda0bs86","blue",64,20,0,15,20.0000
985,"8344e8ie4","8344e8ie4ljuj9emdivda0bs86","blue",64,22,0,16,22.0000
986,"8344e8ie4","8344e8ie4ljuj9emdivda0bs86","blue",64,18,1,17,0.0000
987,"8344e8ie4","8344e8ie4ljuj9emdivda0bs86","blue",64,13,0,18,13.0000
988,"8344e8ie4","8344e8ie4ljuj9emdivda0bs86","blue",64,15,0,19,15.0000
989,"8344e8ie4","8344e8ie4ljuj9emdivda0bs86","blue",64,5,1,20,0.0000
990,"8344e8ie4","8344e8ie4ljuj9emdivda0bs86","blue",64,6,0,21,6.0000
991,"8344e8ie4","8344e8ie4ljuj9emdivda0bs86","blue",64,12,0,22,12.0000
992,"8344e8ie4","8344e8ie4ljuj9emdivda0bs86","blue",64,18,0,23,18.0000
993,"8344e8ie4","8344e8ie4ljuj9emdivda0bs86","blue",64,25,0,24,25.0000
994,"8344e8ie4","8344e8ie4ljuj9emdivda0bs86","blue",64,11,1,25,0.0000
995,"8344e8ie4","8344e8ie4ljuj9emdivda0bs86","blue",64,14,1,26,0.0000
996,"8344e8ie4","8344e8ie4ljuj9emdivda0bs86","blue",64,7,0,27,7.0000
997,"8344e8ie4","8344e8ie4ljuj9emdivda0bs86","blue",64,22,0,28,22.0000
998,"8344e8ie4","8344e8ie4ljuj9emdivda0bs86","blue",64,9,0,29,9.0000
999,"8344e8ie4","8344e8ie4ljuj9emdivda0bs86","blue",64,4,1,30,0.0000
1000,"qnv5minjt","qnv5minjtds6snu8hteqirbjt4","blue",64,2,0,1,2.0000
1001,"qnv5minjt","qnv5minjtds6snu8hteqirbjt4","blue",64,5,0,2,5.0000
1002,"qnv5minjt","qnv5minjtds6snu8hteqirbjt4","blue",64,8,1,3,0.0000
1003,"qnv5minjt","qnv5minjtds6snu8hteqirbjt4","blue",64,6,1,4,0.0000
1004,"qnv5minjt","qnv5minjtds6snu8hteqirbjt4","blue",64,4,0,5,4.0000
1005,"qnv5minjt","qnv5minjtds6snu8hteqirbjt4","blue",64,4,0,6,4.0000
1006,"qnv5minjt","qnv5minjtds6snu8hteqirbjt4","blue",64,5,0,7,5.0000
1007,"qnv5minjt","qnv5minjtds6snu8hteqirbjt4","blue",64,5,0,8,5.0000
1008,"qnv5minjt","qnv5minjtds6snu8hteqirbjt4","blue",64,5,0,9,5.0000
1009,"qnv5minjt","qnv5minjtds6snu8hteqirbjt4","blue",64,5,0,10,5.0000
1010,"qnv5minjt","qnv5minjtds6snu8hteqirbjt4","blue",64,5,0,11,5.0000
1011,"qnv5minjt","qnv5minjtds6snu8hteqirbjt4","blue",64,5,0,12,5.0000
1012,"qnv5minjt","qnv5minjtds6snu8hteqirbjt4","blue",64,5,0,13,5.0000
1013,"qnv5minjt","qnv5minjtds6snu8hteqirbjt4","blue",64,5,0,14,5.0000
1014,"qnv5minjt","qnv5minjtds6snu8hteqirbjt4","blue",64,5,0,15,5.0000
1015,"qnv5minjt","qnv5minjtds6snu8hteqirbjt4","blue",64,5,0,16,5.0000
1016,"qnv5minjt","qnv5minjtds6snu8hteqirbjt4","blue",64,5,0,17,5.0000
1017,"qnv5minjt","qnv5minjtds6snu8hteqirbjt4","blue",64,4,0,18,4.0000
1018,"qnv5minjt","qnv5minjtds6snu8hteqirbjt4","blue",64,5,0,19,5.0000
1019,"qnv5minjt","qnv5minjtds6snu8hteqirbjt4","blue",64,5,1,20,0.0000
1020,"qnv5minjt","qnv5minjtds6snu8hteqirbjt4","blue",64,5,0,21,5.0000
1021,"qnv5minjt","qnv5minjtds6snu8hteqirbjt4","blue",64,5,0,22,5.0000
1022,"qnv5minjt","qnv5minjtds6snu8hteqirbjt4","blue",64,5,0,23,5.0000
1023,"qnv5minjt","qnv5minjtds6snu8hteqirbjt4","blue",64,4,0,24,4.0000
1024,"qnv5minjt","qnv5minjtds6snu8hteqirbjt4","blue",64,5,0,25,5.0000
1025,"qnv5minjt","qnv5minjtds6snu8hteqirbjt4","blue",64,4,0,26,4.0000
1026,"qnv5minjt","qnv5minjtds6snu8hteqirbjt4","blue",64,5,0,27,5.0000
1027,"qnv5minjt","qnv5minjtds6snu8hteqirbjt4","blue",64,5,0,28,5.0000
1028,"qnv5minjt","qnv5minjtds6snu8hteqirbjt4","blue",64,5,0,29,5.0000
1029,"qnv5minjt","qnv5minjtds6snu8hteqirbjt4","blue",64,4,1,30,0.0000
1030,"ephuob1hc","ephuob1hcahb0l20t6senhd7j1","blue",64,17,1,1,0.0000
1031,"ephuob1hc","ephuob1hcahb0l20t6senhd7j1","blue",64,8,1,3,0.0000
1032,"ephuob1hc","ephuob1hcahb0l20t6senhd7j1","blue",64,6,1,4,0.0000
1033,"ephuob1hc","ephuob1hcahb0l20t6senhd7j1","blue",64,6,0,5,6.0000
1034,"ephuob1hc","ephuob1hcahb0l20t6senhd7j1","blue",64,23,1,6,0.0000
1035,"ephuob1hc","ephuob1hcahb0l20t6senhd7j1","blue",64,19,0,7,19.0000
1036,"ephuob1hc","ephuob1hcahb0l20t6senhd7j1","blue",64,12,1,8,0.0000
1037,"ephuob1hc","ephuob1hcahb0l20t6senhd7j1","blue",64,22,0,9,22.0000
1038,"ephuob1hc","ephuob1hcahb0l20t6senhd7j1","blue",64,20,0,10,20.0000
1039,"ephuob1hc","ephuob1hcahb0l20t6senhd7j1","blue",64,10,1,11,0.0000
1040,"ephuob1hc","ephuob1hcahb0l20t6senhd7j1","blue",64,18,0,12,18.0000
1041,"ephuob1hc","ephuob1hcahb0l20t6senhd7j1","blue",64,17,0,13,17.0000
1042,"ephuob1hc","ephuob1hcahb0l20t6senhd7j1","blue",64,22,0,14,22.0000
1043,"ephuob1hc","ephuob1hcahb0l20t6senhd7j1","blue",64,27,0,15,27.0000
1044,"ephuob1hc","ephuob1hcahb0l20t6senhd7j1","blue",64,32,0,16,32.0000
1045,"ephuob1hc","ephuob1hcahb0l20t6senhd7j1","blue",64,26,0,18,26.0000
1046,"ephuob1hc","ephuob1hcahb0l20t6senhd7j1","blue",64,28,0,19,28.0000
1047,"ephuob1hc","ephuob1hcahb0l20t6senhd7j1","blue",64,5,1,20,0.0000
1048,"ephuob1hc","ephuob1hcahb0l20t6senhd7j1","blue",64,14,0,22,14.0000
1049,"ephuob1hc","ephuob1hcahb0l20t6senhd7j1","blue",64,16,0,23,16.0000
1050,"ephuob1hc","ephuob1hcahb0l20t6senhd7j1","blue",64,26,0,24,26.0000
1051,"ephuob1hc","ephuob1hcahb0l20t6senhd7j1","blue",64,11,1,25,0.0000
1052,"ephuob1hc","ephuob1hcahb0l20t6senhd7j1","blue",64,13,0,26,13.0000
1053,"ephuob1hc","ephuob1hcahb0l20t6senhd7j1","blue",64,16,0,27,16.0000
1054,"ephuob1hc","ephuob1hcahb0l20t6senhd7j1","blue",64,33,0,28,33.0000
1055,"ephuob1hc","ephuob1hcahb0l20t6senhd7j1","blue",64,43,0,29,43.0000
1056,"ephuob1hc","ephuob1hcahb0l20t6senhd7j1","blue",64,4,1,30,0.0000
